Line,From Station,To Station
Bakerloo,Elephant & Castle,Lambeth North
Bakerloo,Lambeth North,Waterloo
Bakerloo,Waterloo,Embankment
Bakerloo,Embankment,Charing Cross
Bakerloo,Charing Cross,Piccadilly Circus
Bakerloo,Piccadilly Circus,Oxford Circus
Bakerloo,Oxford Circus,Regent's Park
Bakerloo,Regent's Park,Baker Street
Bakerloo,Baker Street,Marylebone
Bakerloo,Marylebone,Edgware Road
Bakerloo,Edgware Road,Paddington
Bakerloo,Paddington,Warwick Avenue
Bakerloo,Warwick Avenue,Maida Vale
Bakerloo,Maida Vale,Kilburn Park
Bakerloo,Kilburn Park,Queen's Park
Bakerloo,Queen's Park,Kensal Green
Bakerloo,Kensal Green,Willesden Junction
Bakerloo,Willesden Junction,Harlesden
Bakerloo,Harlesden,Stonebridge Park
Bakerloo,Stonebridge Park,Wembley Central
Bakerloo,Wembley Central,North Wembley
Bakerloo,North Wembley,South Kenton
Bakerloo,South Kenton,Kenton
Bakerloo,Kenton,Harrow & Wealdstone
Bakerloo,Harrow & Wealdstone,Kenton
Bakerloo,Kenton,South Kenton
Bakerloo,South Kenton,North Wembley
Bakerloo,North Wembley,Wembley Central
Bakerloo,Wembley Central,Stonebridge Park
Bakerloo,Stonebridge Park,Harlesden
Bakerloo,Harlesden,Willesden Junction
Bakerloo,Willesden Junction,Kensal Green
Bakerloo,Kensal Green,Queen's Park
Bakerloo,Queen's Park,Kilburn Park
Bakerloo,Kilburn Park,Maida Vale
Bakerloo,Maida Vale,Warwick Avenue
Bakerloo,Warwick Avenue,Paddington
Bakerloo,Paddington,Edgware Road
Bakerloo,Edgware Road,Marylebone
Bakerloo,Marylebone,Baker Street
Bakerloo,Baker Street,Regent's Park
Bakerloo,Regent's Park,Oxford Circus
Bakerloo,Oxford Circus,Piccadilly Circus
Bakerloo,Piccadilly Circus,Charing Cross
Bakerloo,Charing Cross,Embankment
Bakerloo,Embankment,Waterloo
Bakerloo,Waterloo,Lambeth North
Bakerloo,Lambeth North,Elephant & Castle
Central,West Ruislip,Ruislip Gardens
Central,Ruislip Gardens,South Ruislip
Central,South Ruislip,Northolt
Central,Northolt,Greenford
Central,Greenford,Perivale
Central,Perivale,Hanger Lane
Central,Hanger Lane,North Acton
Central,Ealing Broadway,West Acton
Central,West Acton,North Acton
Central,North Acton,East Acton
Central,East Acton,White City
Central,White City,Shepherd's Bush
Central,Shepherd's Bush,Holland Park
Central,Holland Park,Notting Hill Gate
Central,Notting Hill Gate,Queensway
Central,Queensway,Lancaster Gate
Central,Lancaster Gate,Marble Arch
Central,Marble Arch,Bond Street
Central,Bond Street,Oxford Circus
Central,Oxford Circus,Tottenham Court Road
Central,Tottenham Court Road,Holborn
Central,Holborn,Chancery Lane
Central,Chancery Lane,St. Paul's
Central,St. Paul's,Bank and Monument
Central,Bank and Monument,Liverpool Street
Central,Liverpool Street,Bethnal Green
Central,Bethnal Green,Mile End
Central,Mile End,Stratford
Central,Stratford,Leyton
Central,Leyton,Leytonstone
Central,Leytonstone,Snaresbrook
Central,Snaresbrook,South Woodford
Central,South Woodford,Woodford
Central,Woodford,Buckhurst Hill
Central,Buckhurst Hill,Loughton
Central,Loughton,Debden
Central,Debden,Theydon Bois
Central,Theydon Bois,Epping
Central,Leytonstone,Wanstead
Central,Wanstead,Redbridge
Central,Redbridge,Gants Hill
Central,Gants Hill,Newbury Park
Central,Newbury Park,Barkingside
Central,Barkingside,Fairlop
Central,Fairlop,Hainault
Central,Hainault,Grange Hill
Central,Grange Hill,Chigwell
Central,Chigwell,Roding Valley
Central,Roding Valley,Woodford
Central,Epping,Theydon Bois
Central,Theydon Bois,Debden
Central,Debden,Loughton
Central,Loughton,Buckhurst Hill
Central,Buckhurst Hill,Woodford
Central,Woodford,South Woodford
Central,South Woodford,Snaresbrook
Central,Snaresbrook,Leytonstone
Central,Woodford,Roding Valley
Central,Roding Valley,Chigwell
Central,Chigwell,Grange Hill
Central,Grange Hill,Hainault
Central,Hainault,Fairlop
Central,Fairlop,Barkingside
Central,Barkingside,Newbury Park
Central,Newbury Park,Gants Hill
Central,Gants Hill,Redbridge
Central,Redbridge,Wanstead
Central,Wanstead,Leytonstone
Central,Leytonstone,Leyton
Central,Leyton,Stratford
Central,Stratford,Mile End
Central,Mile End,Bethnal Green
Central,Bethnal Green,Liverpool Street
Central,Liverpool Street,Bank and Monument
Central,Bank and Monument,St. Paul's
Central,St. Paul's,Chancery Lane
Central,Chancery Lane,Holborn
Central,Holborn,Tottenham Court Road
Central,Tottenham Court Road,Oxford Circus
Central,Oxford Circus,Bond Street
Central,Bond Street,Marble Arch
Central,Marble Arch,Lancaster Gate
Central,Lancaster Gate,Queensway
Central,Queensway,Notting Hill Gate
Central,Notting Hill Gate,Holland Park
Central,Holland Park,Shepherd's Bush
Central,Shepherd's Bush,White City
Central,White City,East Acton
Central,East Acton,North Acton
Central,North Acton,Hanger Lane
Central,Hanger Lane,Perivale
Central,Perivale,Greenford
Central,Greenford,Northolt
Central,Northolt,South Ruislip
Central,South Ruislip,Ruislip Gardens
Central,Ruislip Gardens,West Ruislip
Central,North Acton,West Acton
Central,West Acton,Ealing Broadway
District,Ealing Broadway,Ealing Common
District,Ealing Common,Acton Town
District,Acton Town,Chiswick Park
District,Chiswick Park,Turnham Green
District,Richmond,Kew Gardens
District,Kew Gardens,Gunnersbury
District,Gunnersbury,Turnham Green
District,Turnham Green,Stamford Brook
District,Stamford Brook,Ravenscourt Park
District,Ravenscourt Park,Hammersmith
District,Hammersmith,Barons Court
District,Barons Court,West Kensington
District,West Kensington,Earl's Court
District,Wimbledon,Wimbledon Park
District,Wimbledon Park,Southfields
District,Southfields,East Putney
District,East Putney,Putney Bridge
District,Putney Bridge,Parsons Green
District,Parsons Green,Fulham Broadway
District,Fulham Broadway,West Brompton
District,West Brompton,Earl's Court
District,Kensington,Earl's Court
District,Earl's Court,High Street Kensington
District,High Street Kensington,Notting Hill Gate
District,Notting Hill Gate,Bayswater
District,Bayswater,Paddington
District,Paddington,Edgware Road
District,Earl's Court,Gloucester Road
District,Gloucester Road,South Kensington
District,South Kensington,Sloane Square
District,Sloane Square,Victoria
District,Victoria,St. James's Park
District,St. James's Park,Westminster
District,Westminster,Embankment
District,Embankment,Temple
District,Temple,Blackfriars
District,Blackfriars,Mansion House
District,Mansion House,Cannon Street
District,Cannon Street,Bank and Monument
District,Bank and Monument,Tower Hill
District,Tower Hill,Aldgate East
District,Aldgate East,Whitechapel
District,Whitechapel,Stepney Green
District,Stepney Green,Mile End
District,Mile End,Bow Road
District,Bow Road,Bromley-by-Bow
District,Bromley-by-Bow,West Ham
District,West Ham,Plaistow
District,Plaistow,Upton Park
District,Upton Park,East Ham
District,East Ham,Barking
District,Barking,Upney
District,Upney,Becontree
District,Becontree,Dagenham Heathway
District,Dagenham Heathway,Dagenham East
District,Dagenham East,Elm Park
District,Elm Park,Hornchurch
District,Hornchurch,Upminster Bridge
District,Upminster Bridge,Upminster
District,Upminster,Upminster Bridge
District,Upminster Bridge,Hornchurch
District,Hornchurch,Elm Park
District,Elm Park,Dagenham East
District,Dagenham East,Dagenham Heathway
District,Dagenham Heathway,Becontree
District,Becontree,Upney
District,Upney,Barking
District,Barking,East Ham
District,East Ham,Upton Park
District,Upton Park,Plaistow
District,Plaistow,West Ham
District,West Ham,Bromley-by-Bow
District,Bromley-by-Bow,Bow Road
District,Bow Road,Mile End
District,Mile End,Stepney Green
District,Stepney Green,Whitechapel
District,Whitechapel,Aldgate East
District,Aldgate East,Tower Hill
District,Tower Hill,Bank and Monument
District,Bank and Monument,Cannon Street
District,Cannon Street,Mansion House
District,Mansion House,Blackfriars
District,Blackfriars,Temple
District,Temple,Embankment
District,Embankment,Westminster
District,Westminster,St. James's Park
District,St. James's Park,Victoria
District,Victoria,Sloane Square
District,Sloane Square,South Kensington
District,South Kensington,Gloucester Road
District,Gloucester Road,Earl's Court
District,Edgware Road,Paddington
District,Paddington,Bayswater
District,Bayswater,Notting Hill Gate
District,Notting Hill Gate,High Street Kensington
District,High Street Kensington,Earl's Court
District,Earl's Court,Kensington
District,Earl's Court,West Brompton
District,West Brompton,Fulham Broadway
District,Fulham Broadway,Parsons Green
District,Parsons Green,Putney Bridge
District,Putney Bridge,East Putney
District,East Putney,Southfields
District,Southfields,Wimbledon Park
District,Wimbledon Park,Wimbledon
District,Earl's Court,West Kensington
District,West Kensington,Barons Court
District,Barons Court,Hammersmith
District,Hammersmith,Ravenscourt Park
District,Ravenscourt Park,Stamford Brook
District,Stamford Brook,Turnham Green
District,Turnham Green,Gunnersbury
District,Gunnersbury,Kew Gardens
District,Kew Gardens,Richmond
District,Turnham Green,Chiswick Park
District,Chiswick Park,Acton Town
District,Acton Town,Ealing Common
District,Ealing Common,Ealing Broadway
DLR,Woolwich Arsenal,King George V
DLR,King George V,London City Airport
DLR,London City Airport,Pontoon Dock
DLR,Pontoon Dock,West Silvertown
DLR,West Silvertown,Canning Town
DLR,Beckton,Gallions Reach
DLR,Gallions Reach,Cyprus
DLR,Cyprus,Beckton Park
DLR,Beckton Park,Royal Albert
DLR,Royal Albert,Prince Regent
DLR,Prince Regent,Custom House
DLR,Custom House,Royal Victoria
DLR,Royal Victoria,Canning Town
DLR,Canning Town,Star Lane
DLR,Star Lane,West Ham
DLR,West Ham,Abbey Road
DLR,Abbey Road,Stratford High Street
DLR,Stratford High Street,Stratford
DLR,Stratford,Stratford International DLR
DLR,Canning Town,East India
DLR,East India,Blackwall
DLR,Blackwall,Poplar
DLR,Poplar,Westferry
DLR,Lewisham DLR,Elverson Road
DLR,Elverson Road,Deptford Bridge
DLR,Deptford Bridge,Greenwich
DLR,Greenwich,Cutty Sark
DLR,Cutty Sark,Island Gardens
DLR,Island Gardens,Mudchute
DLR,Mudchute,Crossharbour
DLR,Crossharbour,South Quay
DLR,South Quay,Heron Quays
DLR,Heron Quays,Canary Wharf DLR
DLR,Canary Wharf DLR,West India Quay
DLR,West India Quay,Westferry
DLR,Westferry,Limehouse DLR
DLR,Limehouse DLR,Shadwell DLR
DLR,Shadwell DLR,Tower Gateway
DLR,Shadwell DLR,Bank and Monument
DLR,West India Quay,Poplar
DLR,Poplar,All Saints
DLR,All Saints,Langdon Park
DLR,Langdon Park,Devons Road
DLR,Devons Road,Bow Church
DLR,Bow Church,Pudding Mill Lane
DLR,Pudding Mill Lane,Stratford
DLR,Stratford,Pudding Mill Lane
DLR,Pudding Mill Lane,Bow Church
DLR,Bow Church,Devons Road
DLR,Devons Road,Langdon Park
DLR,Langdon Park,All Saints
DLR,All Saints,Poplar
DLR,Bank and Monument,Shadwell DLR
DLR,Tower Gateway,Shadwell DLR
DLR,Shadwell DLR,Limehouse DLR
DLR,Limehouse DLR,Westferry
DLR,Westferry,Canary Wharf DLR
DLR,Poplar,West India Quay
DLR,West India Quay,Canary Wharf DLR
DLR,Canary Wharf DLR,Heron Quays
DLR,Heron Quays,South Quay
DLR,South Quay,Crossharbour
DLR,Crossharbour,Mudchute
DLR,Mudchute,Island Gardens
DLR,Island Gardens,Cutty Sark
DLR,Cutty Sark,Greenwich
DLR,Greenwich,Deptford Bridge
DLR,Deptford Bridge,Elverson Road
DLR,Elverson Road,Lewisham DLR
DLR,Westferry,Poplar
DLR,Poplar,Blackwall
DLR,Blackwall,East India
DLR,East India,Canning Town
DLR,Stratford International DLR,Stratford
DLR,Stratford,Stratford High Street
DLR,Stratford High Street,Abbey Road
DLR,Abbey Road,West Ham
DLR,West Ham,Star Lane
DLR,Star Lane,Canning Town
DLR,Canning Town,Royal Victoria
DLR,Royal Victoria,Custom House
DLR,Custom House,Prince Regent
DLR,Prince Regent,Royal Albert
DLR,Royal Albert,Beckton Park
DLR,Beckton Park,Cyprus
DLR,Cyprus,Gallions Reach
DLR,Gallions Reach,Beckton
DLR,Canning Town,West Silvertown
DLR,West Silvertown,Pontoon Dock
DLR,Pontoon Dock,London City Airport
DLR,London City Airport,King George V
DLR,King George V,Woolwich Arsenal
Elizabeth Line,Reading,Twyford
Elizabeth Line,Twyford,Maidenhead
Elizabeth Line,Maidenhead,Taplow
Elizabeth Line,Taplow,Burnham
Elizabeth Line,Burnham,Slough
Elizabeth Line,Slough,Langley
Elizabeth Line,Langley,Iver
Elizabeth Line,Iver,West Drayton
Elizabeth Line,West Drayton,Hayes & Harlington
Elizabeth Line,Heathrow Terminal 5,Heathrow Terminals 2 & 3
Elizabeth Line,Heathrow Terminal 4,Heathrow Terminals 2 & 3
Elizabeth Line,Heathrow Terminals 2 & 3,Hayes & Harlington
Elizabeth Line,Hayes & Harlington,Southall
Elizabeth Line,Southall,Hanwell
Elizabeth Line,Hanwell,West Ealing
Elizabeth Line,West Ealing,Ealing Broadway
Elizabeth Line,Ealing Broadway,Acton Main Line
Elizabeth Line,Acton Main Line,Paddington
Elizabeth Line,Acton Main Line,Paddington
Elizabeth Line,Paddington,Bond Street
Elizabeth Line,Bond Street,Tottenham Court Road
Elizabeth Line,Tottenham Court Road,Farringdon
Elizabeth Line,Farringdon,Liverpool Street
Elizabeth Line,Liverpool Street,Whitechapel
Elizabeth Line,Whitechapel,Canary Wharf
Elizabeth Line,Canary Wharf,Custom House
Elizabeth Line,Custom House,Woolwich
Elizabeth Line,Woolwich,Abbey Wood
Elizabeth Line,Whitechapel,Stratford
Elizabeth Line,Liverpool Street,Stratford
Elizabeth Line,Stratford,Maryland
Elizabeth Line,Maryland,Forest Gate
Elizabeth Line,Forest Gate,Manor Park
Elizabeth Line,Manor Park,Ilford
Elizabeth Line,Ilford,Seven Kings
Elizabeth Line,Seven Kings,Goodmayes
Elizabeth Line,Goodmayes,Chadwell Heath
Elizabeth Line,Chadwell Heath,Romford
Elizabeth Line,Romford,Gidea Park
Elizabeth Line,Gidea Park,Harold Wood
Elizabeth Line,Harold Wood,Brentwood
Elizabeth Line,Brentwood,Shenfield
Elizabeth Line,Shenfield,Brentwood
Elizabeth Line,Brentwood,Harold Wood
Elizabeth Line,Harold Wood,Gidea Park
Elizabeth Line,Gidea Park,Romford
Elizabeth Line,Romford,Chadwell Heath
Elizabeth Line,Chadwell Heath,Goodmayes
Elizabeth Line,Goodmayes,Seven Kings
Elizabeth Line,Seven Kings,Ilford
Elizabeth Line,Ilford,Manor Park
Elizabeth Line,Manor Park,Forest Gate
Elizabeth Line,Forest Gate,Maryland
Elizabeth Line,Maryland,Stratford
Elizabeth Line,Stratford,Liverpool Street
Elizabeth Line,Stratford,Whitechapel
Elizabeth Line,Abbey Wood,Woolwich
Elizabeth Line,Woolwich,Custom House
Elizabeth Line,Custom House,Canary Wharf
Elizabeth Line,Canary Wharf,Whitechapel
Elizabeth Line,Whitechapel,Liverpool Street
Elizabeth Line,Liverpool Street,Farringdon
Elizabeth Line,Farringdon,Tottenham Court Road
Elizabeth Line,Tottenham Court Road,Bond Street
Elizabeth Line,Bond Street,Paddington
Elizabeth Line,Paddington,Acton Main Line
Elizabeth Line,Paddington,Acton Main Line
Elizabeth Line,Acton Main Line,Ealing Broadway
Elizabeth Line,Ealing Broadway,West Ealing
Elizabeth Line,West Ealing,Hanwell
Elizabeth Line,Hanwell,Southall
Elizabeth Line,Southall,Hayes & Harlington
Elizabeth Line,Hayes & Harlington,Heathrow Terminals 2 & 3
Elizabeth Line,Heathrow Terminals 2 & 3,Heathrow Terminal 4
Elizabeth Line,Heathrow Terminals 2 & 3,Heathrow Terminal 5
Elizabeth Line,Hayes & Harlington,West Drayton
Elizabeth Line,West Drayton,Iver
Elizabeth Line,Iver,Langley
Elizabeth Line,Langley,Slough
Elizabeth Line,Slough,Burnham
Elizabeth Line,Burnham,Taplow
Elizabeth Line,Taplow,Maidenhead
Elizabeth Line,Maidenhead,Twyford
Elizabeth Line,Twyford,Reading
H&C and Circle,Barking,East Ham
H&C and Circle,East Ham,Upton Park
H&C and Circle,Upton Park,Plaistow
H&C and Circle,Plaistow,West Ham
H&C and Circle,West Ham,Bromley-by-Bow
H&C and Circle,Bromley-by-Bow,Bow Road
H&C and Circle,Bow Road,Mile End
H&C and Circle,Mile End,Stepney Green
H&C and Circle,Stepney Green,Whitechapel
H&C and Circle,Whitechapel,Aldgate East
H&C and Circle,Aldgate East,Liverpool Street
H&C and Circle,Liverpool Street,Moorgate
H&C and Circle,Moorgate,Barbican
H&C and Circle,Barbican,Farringdon
H&C and Circle,Farringdon,King's Cross St. Pancras
H&C and Circle,King's Cross St. Pancras,Euston Square
H&C and Circle,Euston Square,Great Portland Street
H&C and Circle,Great Portland Street,Baker Street
H&C and Circle,Baker Street,Edgware Road
H&C and Circle,Edgware Road,Paddington
H&C and Circle,Paddington,Royal Oak
H&C and Circle,Royal Oak,Westbourne Park
H&C and Circle,Westbourne Park,Ladbroke Grove
H&C and Circle,Ladbroke Grove,Latimer Road
H&C and Circle,Latimer Road,Wood Lane
H&C and Circle,Wood Lane,Shepherd's Bush Market
H&C and Circle,Shepherd's Bush Market,Goldhawk Road
H&C and Circle,Goldhawk Road,Hammersmith
H&C and Circle,Edgware Road,Paddington
H&C and Circle,Paddington,Bayswater
H&C and Circle,Bayswater,Notting Hill Gate
H&C and Circle,Notting Hill Gate,High Street Kensington
H&C and Circle,High Street Kensington,Gloucester Road
H&C and Circle,Gloucester Road,South Kensington
H&C and Circle,South Kensington,Sloane Square
H&C and Circle,Sloane Square,Victoria
H&C and Circle,Victoria,St. James's Park
H&C and Circle,St. James's Park,Westminster
H&C and Circle,Westminster,Embankment
H&C and Circle,Embankment,Temple
H&C and Circle,Temple,Blackfriars
H&C and Circle,Blackfriars,Mansion House
H&C and Circle,Mansion House,Cannon Street
H&C and Circle,Cannon Street,Bank and Monument
H&C and Circle,Bank and Monument,Tower Hill
H&C and Circle,Tower Hill,Aldgate
H&C and Circle,Aldgate,Liverpool Street
H&C and Circle,Liverpool Street,Aldgate
H&C and Circle,Aldgate,Tower Hill
H&C and Circle,Tower Hill,Bank and Monument
H&C and Circle,Bank and Monument,Cannon Street
H&C and Circle,Cannon Street,Mansion House
H&C and Circle,Mansion House,Blackfriars
H&C and Circle,Blackfriars,Temple
H&C and Circle,Temple,Embankment
H&C and Circle,Embankment,Westminster
H&C and Circle,Westminster,St. James's Park
H&C and Circle,St. James's Park,Victoria
H&C and Circle,Victoria,Sloane Square
H&C and Circle,Sloane Square,South Kensington
H&C and Circle,South Kensington,Gloucester Road
H&C and Circle,Gloucester Road,High Street Kensington
H&C and Circle,High Street Kensington,Notting Hill Gate
H&C and Circle,Notting Hill Gate,Bayswater
H&C and Circle,Bayswater,Paddington
H&C and Circle,Paddington,Edgware Road
H&C and Circle,Hammersmith,Goldhawk Road
H&C and Circle,Goldhawk Road,Shepherd's Bush Market
H&C and Circle,Shepherd's Bush Market,Wood Lane
H&C and Circle,Wood Lane,Latimer Road
H&C and Circle,Latimer Road,Ladbroke Grove
H&C and Circle,Ladbroke Grove,Westbourne Park
H&C and Circle,Westbourne Park,Royal Oak
H&C and Circle,Royal Oak,Paddington
H&C and Circle,Paddington,Edgware Road
H&C and Circle,Edgware Road,Baker Street
H&C and Circle,Baker Street,Great Portland Street
H&C and Circle,Great Portland Street,Euston Square
H&C and Circle,Euston Square,King's Cross St. Pancras
H&C and Circle,King's Cross St. Pancras,Farringdon
H&C and Circle,Farringdon,Barbican
H&C and Circle,Barbican,Moorgate
H&C and Circle,Moorgate,Liverpool Street
H&C and Circle,Liverpool Street,Aldgate East
H&C and Circle,Aldgate East,Whitechapel
H&C and Circle,Whitechapel,Stepney Green
H&C and Circle,Stepney Green,Mile End
H&C and Circle,Mile End,Bow Road
H&C and Circle,Bow Road,Bromley-by-Bow
H&C and Circle,Bromley-by-Bow,West Ham
H&C and Circle,West Ham,Plaistow
H&C and Circle,Plaistow,Upton Park
H&C and Circle,Upton Park,East Ham
H&C and Circle,East Ham,Barking
Jubilee,Stratford,West Ham
Jubilee,West Ham,Canning Town
Jubilee,Canning Town,North Greenwich
Jubilee,North Greenwich,Canary Wharf
Jubilee,Canary Wharf,Canada Water
Jubilee,Canada Water,Bermondsey
Jubilee,Bermondsey,London Bridge
Jubilee,London Bridge,Southwark
Jubilee,Southwark,Waterloo
Jubilee,Waterloo,Westminster
Jubilee,Westminster,Green Park
Jubilee,Green Park,Bond Street
Jubilee,Bond Street,Baker Street
Jubilee,Baker Street,St. John's Wood
Jubilee,St. John's Wood,Swiss Cottage
Jubilee,Swiss Cottage,Finchley Road
Jubilee,Finchley Road,West Hampstead
Jubilee,West Hampstead,Kilburn
Jubilee,Kilburn,Willesden Green
Jubilee,Willesden Green,Dollis Hill
Jubilee,Dollis Hill,Neasden
Jubilee,Neasden,Wembley Park
Jubilee,Wembley Park,Kingsbury
Jubilee,Kingsbury,Queensbury
Jubilee,Queensbury,Canons Park
Jubilee,Canons Park,Stanmore
Jubilee,Stanmore,Canons Park
Jubilee,Canons Park,Queensbury
Jubilee,Queensbury,Kingsbury
Jubilee,Kingsbury,Wembley Park
Jubilee,Wembley Park,Neasden
Jubilee,Neasden,Dollis Hill
Jubilee,Dollis Hill,Willesden Green
Jubilee,Willesden Green,Kilburn
Jubilee,Kilburn,West Hampstead
Jubilee,West Hampstead,Finchley Road
Jubilee,Finchley Road,Swiss Cottage
Jubilee,Swiss Cottage,St. John's Wood
Jubilee,St. John's Wood,Baker Street
Jubilee,Baker Street,Bond Street
Jubilee,Bond Street,Green Park
Jubilee,Green Park,Westminster
Jubilee,Westminster,Waterloo
Jubilee,Waterloo,Southwark
Jubilee,Southwark,London Bridge
Jubilee,London Bridge,Bermondsey
Jubilee,Bermondsey,Canada Water
Jubilee,Canada Water,Canary Wharf
Jubilee,Canary Wharf,North Greenwich
Jubilee,North Greenwich,Canning Town
Jubilee,Canning Town,West Ham
Jubilee,West Ham,Stratford
Overground,Clapham Junction,Wandsworth Road
Overground,Wandsworth Road,Clapham High Street
Overground,Clapham High Street,Denmark Hill
Overground,Denmark Hill,Peckham Rye
Overground,Peckham Rye,Queens Road Peckham
Overground,Queens Road Peckham,Surrey Quays
Overground,Crystal Palace,Sydenham
Overground,West Croydon,Norwood Junction
Overground,Norwood Junction,Anerley
Overground,Anerley,Penge West
Overground,Penge West,Sydenham
Overground,Sydenham,Forest Hill
Overground,Forest Hill,Honor Oak Park
Overground,Honor Oak Park,Brockley
Overground,Brockley,New Cross Gate
Overground,New Cross Gate,Surrey Quays
Overground,New Cross,Surrey Quays
Overground,Surrey Quays,Canada Water
Overground,Canada Water,Rotherhithe
Overground,Rotherhithe,Wapping
Overground,Wapping,Shadwell
Overground,Shadwell,Whitechapel
Overground,Whitechapel,Shoreditch High Street
Overground,Shoreditch High Street,Hoxton
Overground,Hoxton,Haggerston
Overground,Haggerston,Dalston Junction
Overground,Dalston Junction,Canonbury
Overground,Canonbury,Highbury & Islington
Overground,Highbury & Islington,Canonbury
Overground,Canonbury,Dalston Junction
Overground,Dalston Junction,Haggerston
Overground,Haggerston,Hoxton
Overground,Hoxton,Shoreditch High Street
Overground,Shoreditch High Street,Whitechapel
Overground,Whitechapel,Shadwell
Overground,Shadwell,Wapping
Overground,Wapping,Rotherhithe
Overground,Rotherhithe,Canada Water
Overground,Canada Water,Surrey Quays
Overground,Surrey Quays,New Cross
Overground,Surrey Quays,New Cross Gate
Overground,New Cross Gate,Brockley
Overground,Brockley,Honor Oak Park
Overground,Honor Oak Park,Forest Hill
Overground,Forest Hill,Sydenham
Overground,Sydenham,Penge West
Overground,Penge West,Anerley
Overground,Anerley,Norwood Junction
Overground,Norwood Junction,West Croydon
Overground,Sydenham,Crystal Palace
Overground,Surrey Quays,Queens Road Peckham
Overground,Queens Road Peckham,Peckham Rye
Overground,Peckham Rye,Denmark Hill
Overground,Denmark Hill,Clapham High Street
Overground,Clapham High Street,Wandsworth Road
Overground,Wandsworth Road,Clapham Junction
Overground,Gospel Oak,Upper Holloway
Overground,Upper Holloway,Crouch Hill
Overground,Crouch Hill,Harringay Green Lanes
Overground,Harringay Green Lanes,South Tottenham
Overground,South Tottenham,Blackhorse Road
Overground,Blackhorse Road,Walthamstow Queen's Road
Overground,Walthamstow Queen's Road,Leyton Midland Road
Overground,Leyton Midland Road,Leytonstone High Road
Overground,Leytonstone High Road,Wanstead Park
Overground,Wanstead Park,Woodgrange Park
Overground,Woodgrange Park,Barking
Overground,Barking,Barking Riverside
Overground,Barking Riverside,Barking
Overground,Barking,Woodgrange Park
Overground,Woodgrange Park,Wanstead Park
Overground,Wanstead Park,Leytonstone High Road
Overground,Leytonstone High Road,Leyton Midland Road
Overground,Leyton Midland Road,Walthamstow Queen's Road
Overground,Walthamstow Queen's Road,Blackhorse Road
Overground,Blackhorse Road,South Tottenham
Overground,South Tottenham,Harringay Green Lanes
Overground,Harringay Green Lanes,Crouch Hill
Overground,Crouch Hill,Upper Holloway
Overground,Upper Holloway,Gospel Oak
Overground,Clapham Junction,Imperial Wharf
Overground,Imperial Wharf,West Brompton
Overground,West Brompton,Kensington
Overground,Kensington,Shepherd's Bush
Overground,Shepherd's Bush,Willesden Junction
Overground,Richmond,Kew Gardens
Overground,Kew Gardens,Gunnersbury
Overground,Gunnersbury,South Acton
Overground,South Acton,Acton Central
Overground,Acton Central,Willesden Junction
Overground,Willesden Junction,Kensal Rise
Overground,Kensal Rise,Brondesbury Park
Overground,Brondesbury Park,Brondesbury
Overground,Brondesbury,West Hampstead
Overground,West Hampstead,Finchley Road & Frognal
Overground,Finchley Road & Frognal,Hampstead Heath
Overground,Hampstead Heath,Gospel Oak
Overground,Gospel Oak,Kentish Town West
Overground,Kentish Town West,Camden Road
Overground,Camden Road,Caledonian Road & Barnsbury
Overground,Caledonian Road & Barnsbury,Highbury & Islington
Overground,Highbury & Islington,Canonbury
Overground,Canonbury,Dalston Kingsland
Overground,Dalston Kingsland,Hackney Central
Overground,Hackney Central,Homerton
Overground,Homerton,Hackney Wick
Overground,Hackney Wick,Stratford
Overground,Stratford,Hackney Wick
Overground,Hackney Wick,Homerton
Overground,Homerton,Hackney Central
Overground,Hackney Central,Dalston Kingsland
Overground,Dalston Kingsland,Canonbury
Overground,Canonbury,Highbury & Islington
Overground,Highbury & Islington,Caledonian Road & Barnsbury
Overground,Caledonian Road & Barnsbury,Camden Road
Overground,Camden Road,Kentish Town West
Overground,Kentish Town West,Gospel Oak
Overground,Gospel Oak,Hampstead Heath
Overground,Hampstead Heath,Finchley Road & Frognal
Overground,Finchley Road & Frognal,West Hampstead
Overground,West Hampstead,Brondesbury
Overground,Brondesbury,Brondesbury Park
Overground,Brondesbury Park,Kensal Rise
Overground,Kensal Rise,Willesden Junction
Overground,Willesden Junction,Acton Central
Overground,Acton Central,South Acton
Overground,South Acton,Gunnersbury
Overground,Gunnersbury,Kew Gardens
Overground,Kew Gardens,Richmond
Overground,Willesden Junction,Shepherd's Bush
Overground,Shepherd's Bush,Kensington
Overground,Kensington,West Brompton
Overground,West Brompton,Imperial Wharf
Overground,Imperial Wharf,Clapham Junction
Overground,Romford,Emerson Park
Overground,Emerson Park,Upminster
Overground,Emerson Park,Romford
Overground,Upminster,Emerson Park
Overground,Euston,South Hampstead
Overground,South Hampstead,Kilburn High Road
Overground,Kilburn High Road,Queen's Park
Overground,Queen's Park,Kensal Green
Overground,Kensal Green,Willesden Junction
Overground,Willesden Junction,Harlesden
Overground,Harlesden,Stonebridge Park
Overground,Stonebridge Park,Wembley Central
Overground,Wembley Central,North Wembley
Overground,North Wembley,South Kenton
Overground,South Kenton,Kenton
Overground,Kenton,Harrow & Wealdstone
Overground,Harrow & Wealdstone,Headstone Lane
Overground,Headstone Lane,Hatch End
Overground,Hatch End,Carpenders Park
Overground,Carpenders Park,Bushey
Overground,Bushey,Watford High Street
Overground,Watford High Street,Watford Junction
Overground,Watford Junction,Watford High Street
Overground,Watford High Street,Bushey
Overground,Bushey,Carpenders Park
Overground,Carpenders Park,Hatch End
Overground,Hatch End,Headstone Lane
Overground,Headstone Lane,Harrow & Wealdstone
Overground,Harrow & Wealdstone,Kenton
Overground,Kenton,South Kenton
Overground,South Kenton,North Wembley
Overground,North Wembley,Wembley Central
Overground,Wembley Central,Stonebridge Park
Overground,Stonebridge Park,Harlesden
Overground,Harlesden,Willesden Junction
Overground,Willesden Junction,Kensal Green
Overground,Kensal Green,Queen's Park
Overground,Queen's Park,Kilburn High Road
Overground,Kilburn High Road,South Hampstead
Overground,South Hampstead,Euston
Overground,Liverpool Street,Bethnal Green
Overground,Bethnal Green,Cambridge Heath
Overground,Cambridge Heath,London Fields
Overground,London Fields,Hackney Downs
Overground,Hackney Downs,Clapton
Overground,Clapton,St James Street
Overground,St James Street,Walthamstow Central
Overground,Walthamstow Central,Wood Street
Overground,Wood Street,Highams Park
Overground,Highams Park,Chingford
Overground,Hackney Downs,Rectory Road
Overground,Rectory Road,Stoke Newington
Overground,Stoke Newington,Stamford Hill
Overground,Stamford Hill,Seven Sisters
Overground,Seven Sisters,Bruce Grove
Overground,Bruce Grove,White Hart Lane
Overground,White Hart Lane,Silver Street
Overground,Silver Street,Edmonton Green
Overground,Edmonton Green,Bush Hill Park
Overground,Bush Hill Park,Enfield Town
Overground,Edmonton Green,Southbury
Overground,Southbury,Turkey Street
Overground,Turkey Street,Theobalds Grove
Overground,Theobalds Grove,Cheshunt
Overground,Cheshunt,Theobalds Grove
Overground,Theobalds Grove,Turkey Street
Overground,Turkey Street,Southbury
Overground,Southbury,Edmonton Green
Overground,Enfield Town,Bush Hill Park
Overground,Bush Hill Park,Edmonton Green
Overground,Edmonton Green,Silver Street
Overground,Silver Street,White Hart Lane
Overground,White Hart Lane,Bruce Grove
Overground,Bruce Grove,Seven Sisters
Overground,Seven Sisters,Stamford Hill
Overground,Stamford Hill,Stoke Newington
Overground,Stoke Newington,Rectory Road
Overground,Rectory Road,Hackney Downs
Overground,Chingford,Highams Park
Overground,Highams Park,Wood Street
Overground,Wood Street,Walthamstow Central
Overground,Walthamstow Central,St James Street
Overground,St James Street,Clapton
Overground,Clapton,Hackney Downs
Overground,Hackney Downs,London Fields
Overground,London Fields,Cambridge Heath
Overground,Cambridge Heath,Bethnal Green
Overground,Bethnal Green,Liverpool Street
London Trams,Wimbledon Trams,Dundonald Road
London Trams,Dundonald Road,Merton Park
London Trams,Merton Park,Morden Road
London Trams,Morden Road,Phipps Bridge
London Trams,Phipps Bridge,Belgrave Walk
London Trams,Belgrave Walk,Mitcham
London Trams,Mitcham,Mitcham Junction
London Trams,Mitcham Junction,Beddington Lane
London Trams,Beddington Lane,Therapia Lane
London Trams,Therapia Lane,Ampere Way
London Trams,Ampere Way,Waddon Marsh
London Trams,Waddon Marsh,Wandle Park
London Trams,Wandle Park,Reeves Corner
London Trams,Reeves Corner,Centrale
London Trams,Centrale,West Croydon Trams
London Trams,West Croydon Trams,Wellesley Road
London Trams,Wellesley Road,East Croydon Trams
London Trams,East Croydon Trams,Lebanon Road
London Trams,Lebanon Road,Sandilands
London Trams,Sandilands,Addiscombe
London Trams,Addiscombe,Blackhorse Lane
London Trams,Blackhorse Lane,Woodside
London Trams,Woodside,Arena
London Trams,Arena,Elmers End
London Trams,Arena,Harrington Road
London Trams,Harrington Road,Birkbeck Trams
London Trams,Birkbeck Trams,Avenue Road
London Trams,Avenue Road,Beckenham Road
London Trams,Beckenham Road,Beckenham Junction Trams
London Trams,Sandilands,Lloyd Park
London Trams,Lloyd Park,Coombe Lane
London Trams,Coombe Lane,Gravel Hill
London Trams,Gravel Hill,Addington Village
London Trams,Addington Village,Fieldway
London Trams,Fieldway,King Henry's Drive
London Trams,King Henry's Drive,New Addington
London Trams,New Addington,King Henry's Drive
London Trams,King Henry's Drive,Fieldway
London Trams,Fieldway,Addington Village
London Trams,Addington Village,Gravel Hill
London Trams,Gravel Hill,Coombe Lane
London Trams,Coombe Lane,Lloyd Park
London Trams,Beckenham Junction Trams,Beckenham Road
London Trams,Beckenham Road,Avenue Road
London Trams,Avenue Road,Birkbeck Trams
London Trams,Birkbeck Trams,Harrington Road
London Trams,Harrington Road,Arena
London Trams,Elmers End,Arena
London Trams,Arena,Woodside
London Trams,Woodside,Blackhorse Lane
London Trams,Blackhorse Lane,Addiscombe
London Trams,Lloyd Park,Sandilands
London Trams,Addiscombe,Sandilands
London Trams,Sandilands,Lebanon Road
London Trams,Lebanon Road,East Croydon Trams
London Trams,East Croydon Trams,George Street
London Trams,George Street,Church Street
London Trams,Church Street,Centrale
London Trams,Church Street,Wandle Park
London Trams,Wandle Park,Waddon Marsh
London Trams,Waddon Marsh,Ampere Way
London Trams,Ampere Way,Therapia Lane
London Trams,Therapia Lane,Beddington Lane
London Trams,Beddington Lane,Mitcham Junction
London Trams,Mitcham Junction,Mitcham
London Trams,Mitcham,Belgrave Walk
London Trams,Belgrave Walk,Phipps Bridge
London Trams,Phipps Bridge,Morden Road
London Trams,Morden Road,Merton Park
London Trams,Merton Park,Dundonald Road
London Trams,Dundonald Road,Wimbledon Trams
Metropolitan,Aldgate,Liverpool Street
Metropolitan,Liverpool Street,Moorgate
Metropolitan,Moorgate,Barbican
Metropolitan,Barbican,Farringdon
Metropolitan,Farringdon,King's Cross St. Pancras
Metropolitan,King's Cross St. Pancras,Euston Square
Metropolitan,Euston Square,Great Portland Street
Metropolitan,Great Portland Street,Baker Street
Metropolitan,Baker Street,Finchley Road
Metropolitan,Finchley Road,Wembley Park
Metropolitan,Wembley Park,Preston Road
Metropolitan,Preston Road,Northwick Park
Metropolitan,Northwick Park,Harrow-on-the-Hill
Metropolitan,Harrow-on-the-Hill,North Harrow
Metropolitan,North Harrow,Pinner
Metropolitan,Pinner,Northwood Hills
Metropolitan,Northwood Hills,Northwood
Metropolitan,Northwood,Moor Park
Metropolitan,Moor Park,Croxley
Metropolitan,Croxley,Watford
Metropolitan,Moor Park,Rickmansworth
Metropolitan,Rickmansworth,Chorleywood
Metropolitan,Chorleywood,Chalfont & Latimer
Metropolitan,Chalfont & Latimer,Chesham
Metropolitan,Chalfont & Latimer,Amersham
Metropolitan,Harrow-on-the-Hill,West Harrow
Metropolitan,West Harrow,Rayners Lane
Metropolitan,Rayners Lane,Eastcote
Metropolitan,Eastcote,Ruislip Manor
Metropolitan,Ruislip Manor,Ruislip
Metropolitan,Ruislip,Ickenham
Metropolitan,Ickenham,Hillingdon
Metropolitan,Hillingdon,Uxbridge
Metropolitan,Uxbridge,Hillingdon
Metropolitan,Hillingdon,Ickenham
Metropolitan,Ickenham,Ruislip
Metropolitan,Ruislip,Ruislip Manor
Metropolitan,Ruislip Manor,Eastcote
Metropolitan,Eastcote,Rayners Lane
Metropolitan,Rayners Lane,West Harrow
Metropolitan,West Harrow,Harrow-on-the-Hill
Metropolitan,Amersham,Chalfont & Latimer
Metropolitan,Chesham,Chalfont & Latimer
Metropolitan,Chalfont & Latimer,Chorleywood
Metropolitan,Chorleywood,Rickmansworth
Metropolitan,Rickmansworth,Moor Park
Metropolitan,Watford,Croxley
Metropolitan,Croxley,Moor Park
Metropolitan,Moor Park,Northwood
Metropolitan,Northwood,Northwood Hills
Metropolitan,Northwood Hills,Pinner
Metropolitan,Pinner,North Harrow
Metropolitan,North Harrow,Harrow-on-the-Hill
Metropolitan,Harrow-on-the-Hill,Northwick Park
Metropolitan,Northwick Park,Preston Road
Metropolitan,Preston Road,Wembley Park
Metropolitan,Wembley Park,Finchley Road
Metropolitan,Finchley Road,Baker Street
Metropolitan,Baker Street,Great Portland Street
Metropolitan,Great Portland Street,Euston Square
Metropolitan,Euston Square,King's Cross St. Pancras
Metropolitan,King's Cross St. Pancras,Farringdon
Metropolitan,Farringdon,Barbican
Metropolitan,Barbican,Moorgate
Metropolitan,Moorgate,Liverpool Street
Metropolitan,Liverpool Street,Aldgate
Northern,Morden,South Wimbledon
Northern,South Wimbledon,Colliers Wood
Northern,Colliers Wood,Tooting Broadway
Northern,Tooting Broadway,Tooting Bec
Northern,Tooting Bec,Balham
Northern,Balham,Clapham South
Northern,Clapham South,Clapham Common
Northern,Clapham Common,Clapham North
Northern,Clapham North,Stockwell
Northern,Stockwell,Oval
Northern,Oval,Kennington
Northern,Battersea Power Station,Nine Elms
Northern,Nine Elms,Kennington
Northern,Kennington,Waterloo
Northern,Waterloo,Embankment
Northern,Embankment,Charing Cross
Northern,Charing Cross,Leicester Square
Northern,Leicester Square,Tottenham Court Road
Northern,Tottenham Court Road,Goodge Street
Northern,Goodge Street,Warren Street
Northern,Warren Street,Euston
Northern,Euston,Mornington Crescent
Northern,Mornington Crescent,Camden Town
Northern,Kennington,Elephant & Castle
Northern,Elephant & Castle,Borough
Northern,Borough,London Bridge
Northern,London Bridge,Bank and Monument
Northern,Bank and Monument,Moorgate
Northern,Moorgate,Old Street
Northern,Old Street,Angel
Northern,Angel,King's Cross St. Pancras
Northern,King's Cross St. Pancras,Euston
Northern,Euston,Camden Town
Northern,Camden Town,Kentish Town
Northern,Kentish Town,Tufnell Park
Northern,Tufnell Park,Archway
Northern,Archway,Highgate
Northern,Highgate,East Finchley
Northern,East Finchley,Finchley Central
Northern,Finchley Central,Mill Hill East
Northern,Finchley Central,West Finchley
Northern,West Finchley,Woodside Park
Northern,Woodside Park,Totteridge & Whetstone
Northern,Totteridge & Whetstone,High Barnet
Northern,Camden Town,Chalk Farm
Northern,Chalk Farm,Belsize Park
Northern,Belsize Park,Hampstead
Northern,Hampstead,Golders Green
Northern,Golders Green,Brent Cross
Northern,Brent Cross,Hendon Central
Northern,Hendon Central,Colindale
Northern,Colindale,Burnt Oak
Northern,Burnt Oak,Edgware
Northern,Edgware,Burnt Oak
Northern,Burnt Oak,Colindale
Northern,Colindale,Hendon Central
Northern,Hendon Central,Brent Cross
Northern,Brent Cross,Golders Green
Northern,Golders Green,Hampstead
Northern,Hampstead,Belsize Park
Northern,Belsize Park,Chalk Farm
Northern,Chalk Farm,Camden Town
Northern,High Barnet,Totteridge & Whetstone
Northern,Totteridge & Whetstone,Woodside Park
Northern,Woodside Park,West Finchley
Northern,West Finchley,Finchley Central
Northern,Mill Hill East,Finchley Central
Northern,Finchley Central,East Finchley
Northern,East Finchley,Highgate
Northern,Highgate,Archway
Northern,Archway,Tufnell Park
Northern,Tufnell Park,Kentish Town
Northern,Kentish Town,Camden Town
Northern,Camden Town,Mornington Crescent
Northern,Mornington Crescent,Euston
Northern,Euston,Warren Street
Northern,Warren Street,Goodge Street
Northern,Goodge Street,Tottenham Court Road
Northern,Tottenham Court Road,Leicester Square
Northern,Leicester Square,Charing Cross
Northern,Charing Cross,Embankment
Northern,Embankment,Waterloo
Northern,Waterloo,Kennington
Northern,Camden Town,Euston
Northern,Euston,King's Cross St. Pancras
Northern,King's Cross St. Pancras,Angel
Northern,Angel,Old Street
Northern,Old Street,Moorgate
Northern,Moorgate,Bank and Monument
Northern,Bank and Monument,London Bridge
Northern,London Bridge,Borough
Northern,Borough,Elephant & Castle
Northern,Elephant & Castle,Kennington
Northern,Kennington,Nine Elms
Northern,Nine Elms,Battersea Power Station
Northern,Kennington,Oval
Northern,Oval,Stockwell
Northern,Stockwell,Clapham North
Northern,Clapham North,Clapham Common
Northern,Clapham Common,Clapham South
Northern,Clapham South,Balham
Northern,Balham,Tooting Bec
Northern,Tooting Bec,Tooting Broadway
Northern,Tooting Broadway,Colliers Wood
Northern,Colliers Wood,South Wimbledon
Northern,South Wimbledon,Morden
Piccadilly,Uxbridge,Hillingdon
Piccadilly,Hillingdon,Ickenham
Piccadilly,Ickenham,Ruislip
Piccadilly,Ruislip,Ruislip Manor
Piccadilly,Ruislip Manor,Eastcote
Piccadilly,Eastcote,Rayners Lane
Piccadilly,Rayners Lane,South Harrow
Piccadilly,South Harrow,Sudbury Hill
Piccadilly,Sudbury Hill,Sudbury Town
Piccadilly,Sudbury Town,Alperton
Piccadilly,Alperton,Park Royal
Piccadilly,Park Royal,North Ealing
Piccadilly,North Ealing,Ealing Common
Piccadilly,Ealing Common,Acton Town
Piccadilly,Heathrow Terminal 5,Heathrow Terminals 123
Piccadilly,Heathrow Terminal 4,Heathrow Terminals 123
Piccadilly,Heathrow Terminals 123,Hatton Cross
Piccadilly,Hatton Cross,Hounslow West
Piccadilly,Hounslow West,Hounslow Central
Piccadilly,Hounslow Central,Hounslow East
Piccadilly,Hounslow East,Osterley
Piccadilly,Osterley,Boston Manor
Piccadilly,Boston Manor,Northfields
Piccadilly,Northfields,South Ealing
Piccadilly,South Ealing,Acton Town
Piccadilly,Acton Town,Turnham Green
Piccadilly,Turnham Green,Hammersmith
Piccadilly,Hammersmith,Barons Court
Piccadilly,Barons Court,Earl's Court
Piccadilly,Earl's Court,Gloucester Road
Piccadilly,Gloucester Road,South Kensington
Piccadilly,South Kensington,Knightsbridge
Piccadilly,Knightsbridge,Hyde Park Corner
Piccadilly,Hyde Park Corner,Green Park
Piccadilly,Green Park,Piccadilly Circus
Piccadilly,Piccadilly Circus,Leicester Square
Piccadilly,Leicester Square,Covent Garden
Piccadilly,Covent Garden,Holborn
Piccadilly,Holborn,Russell Square
Piccadilly,Russell Square,King's Cross St. Pancras
Piccadilly,King's Cross St. Pancras,Caledonian Road
Piccadilly,Caledonian Road,Holloway Road
Piccadilly,Holloway Road,Arsenal
Piccadilly,Arsenal,Finsbury Park
Piccadilly,Finsbury Park,Manor House
Piccadilly,Manor House,Turnpike Lane
Piccadilly,Turnpike Lane,Wood Green
Piccadilly,Wood Green,Bounds Green
Piccadilly,Bounds Green,Arnos Grove
Piccadilly,Arnos Grove,Southgate
Piccadilly,Southgate,Oakwood
Piccadilly,Oakwood,Cockfosters
Piccadilly,Cockfosters,Oakwood
Piccadilly,Oakwood,Southgate
Piccadilly,Southgate,Arnos Grove
Piccadilly,Arnos Grove,Bounds Green
Piccadilly,Bounds Green,Wood Green
Piccadilly,Wood Green,Turnpike Lane
Piccadilly,Turnpike Lane,Manor House
Piccadilly,Manor House,Finsbury Park
Piccadilly,Finsbury Park,Arsenal
Piccadilly,Arsenal,Holloway Road
Piccadilly,Holloway Road,Caledonian Road
Piccadilly,Caledonian Road,King's Cross St. Pancras
Piccadilly,King's Cross St. Pancras,Russell Square
Piccadilly,Russell Square,Holborn
Piccadilly,Holborn,Covent Garden
Piccadilly,Covent Garden,Leicester Square
Piccadilly,Leicester Square,Piccadilly Circus
Piccadilly,Piccadilly Circus,Green Park
Piccadilly,Green Park,Hyde Park Corner
Piccadilly,Hyde Park Corner,Knightsbridge
Piccadilly,Knightsbridge,South Kensington
Piccadilly,South Kensington,Gloucester Road
Piccadilly,Gloucester Road,Earl's Court
Piccadilly,Earl's Court,Barons Court
Piccadilly,Barons Court,Hammersmith
Piccadilly,Hammersmith,Turnham Green
Piccadilly,Turnham Green,Acton Town
Piccadilly,Acton Town,Ealing Common
Piccadilly,Ealing Common,North Ealing
Piccadilly,North Ealing,Park Royal
Piccadilly,Park Royal,Alperton
Piccadilly,Alperton,Sudbury Town
Piccadilly,Sudbury Town,Sudbury Hill
Piccadilly,Sudbury Hill,South Harrow
Piccadilly,South Harrow,Rayners Lane
Piccadilly,Rayners Lane,Eastcote
Piccadilly,Eastcote,Ruislip Manor
Piccadilly,Ruislip Manor,Ruislip
Piccadilly,Ruislip,Ickenham
Piccadilly,Ickenham,Hillingdon
Piccadilly,Hillingdon,Uxbridge
Piccadilly,Acton Town,South Ealing
Piccadilly,South Ealing,Northfields
Piccadilly,Northfields,Boston Manor
Piccadilly,Boston Manor,Osterley
Piccadilly,Osterley,Hounslow East
Piccadilly,Hounslow East,Hounslow Central
Piccadilly,Hounslow Central,Hounslow West
Piccadilly,Hounslow West,Hatton Cross
Piccadilly,Hatton Cross,Heathrow Terminal 4
Piccadilly,Hatton Cross,Heathrow Terminals 123
Piccadilly,Heathrow Terminals 123,Heathrow Terminal 5
Victoria,Brixton,Stockwell
Victoria,Stockwell,Vauxhall
Victoria,Vauxhall,Pimlico
Victoria,Pimlico,Victoria
Victoria,Victoria,Green Park
Victoria,Green Park,Oxford Circus
Victoria,Oxford Circus,Warren Street
Victoria,Warren Street,Euston
Victoria,Euston,King's Cross St. Pancras
Victoria,King's Cross St. Pancras,Highbury & Islington
Victoria,Highbury & Islington,Finsbury Park
Victoria,Finsbury Park,Seven Sisters
Victoria,Seven Sisters,Tottenham Hale
Victoria,Tottenham Hale,Blackhorse Road
Victoria,Blackhorse Road,Walthamstow Central
Victoria,Walthamstow Central,Blackhorse Road
Victoria,Blackhorse Road,Tottenham Hale
Victoria,Tottenham Hale,Seven Sisters
Victoria,Seven Sisters,Finsbury Park
Victoria,Finsbury Park,Highbury & Islington
Victoria,Highbury & Islington,King's Cross St. Pancras
Victoria,King's Cross St. Pancras,Euston
Victoria,Euston,Warren Street
Victoria,Warren Street,Oxford Circus
Victoria,Oxford Circus,Green Park
Victoria,Green Park,Victoria
Victoria,Victoria,Pimlico
Victoria,Pimlico,Vauxhall
Victoria,Vauxhall,Stockwell
Victoria,Stockwell,Brixton
Waterloo & City,Waterloo,Bank and Monument
Waterloo & City,Bank and Monument,Waterloo
