Line,Dir,From Station,To Station
Bakerloo,NB,Elephant & Castle LU,Lambeth North
Bakerloo,NB,Lambeth North,Waterloo LU
Bakerloo,NB,Waterloo LU,Embankment
Bakerloo,NB,Embankment,Charing Cross LU
Bakerloo,NB,Charing Cross LU,Piccadilly Circus
Bakerloo,NB,Piccadilly Circus,Oxford Circus
Bakerloo,NB,Oxford Circus,Regent's Park
Bakerloo,NB,Regent's Park,Baker Street
Bakerloo,NB,Baker Street,Marylebone LU
Bakerloo,NB,Marylebone LU,Edgware Road (Bak)
Bakerloo,NB,Edgware Road (Bak),Paddington TfL
Bakerloo,NB,Paddington TfL,Warwick Avenue
Bakerloo,NB,Warwick Avenue,Maida Vale
Bakerloo,NB,Maida Vale,Kilburn Park
Bakerloo,NB,Kilburn Park,Queen's Park
Bakerloo,NB,Queen's Park,Kensal Green
Bakerloo,NB,Kensal Green,Willesden Junction
Bakerloo,NB,Willesden Junction,Harlesden
Bakerloo,NB,Harlesden,Stonebridge Park
Bakerloo,NB,Stonebridge Park,Wembley Central
Bakerloo,NB,Wembley Central,North Wembley
Bakerloo,NB,North Wembley,South Kenton
Bakerloo,NB,South Kenton,Kenton
Bakerloo,NB,Kenton,Harrow & Wealdstone
Bakerloo,SB,Harrow & Wealdstone,Kenton
Bakerloo,SB,Kenton,South Kenton
Bakerloo,SB,South Kenton,North Wembley
Bakerloo,SB,North Wembley,Wembley Central
Bakerloo,SB,Wembley Central,Stonebridge Park
Bakerloo,SB,Stonebridge Park,Harlesden
Bakerloo,SB,Harlesden,Willesden Junction
Bakerloo,SB,Willesden Junction,Kensal Green
Bakerloo,SB,Kensal Green,Queen's Park
Bakerloo,SB,Queen's Park,Kilburn Park
Bakerloo,SB,Kilburn Park,Maida Vale
Bakerloo,SB,Maida Vale,Warwick Avenue
Bakerloo,SB,Warwick Avenue,Paddington TfL
Bakerloo,SB,Paddington TfL,Edgware Road (Bak)
Bakerloo,SB,Edgware Road (Bak),Marylebone LU
Bakerloo,SB,Marylebone LU,Baker Street
Bakerloo,SB,Baker Street,Regent's Park
Bakerloo,SB,Regent's Park,Oxford Circus
Bakerloo,SB,Oxford Circus,Piccadilly Circus
Bakerloo,SB,Piccadilly Circus,Charing Cross LU
Bakerloo,SB,Charing Cross LU,Embankment
Bakerloo,SB,Embankment,Waterloo LU
Bakerloo,SB,Waterloo LU,Lambeth North
Bakerloo,SB,Lambeth North,Elephant & Castle LU
Central,EB,West Ruislip,Ruislip Gardens
Central,EB,Ruislip Gardens,South Ruislip
Central,EB,South Ruislip,Northolt
Central,EB,Northolt,Greenford
Central,EB,Greenford,Perivale
Central,EB,Perivale,Hanger Lane
Central,EB,Hanger Lane,North Acton
Central,EB,Ealing Broadway,West Acton
Central,EB,West Acton,North Acton
Central,EB,North Acton,East Acton
Central,EB,East Acton,White City
Central,EB,White City,Shepherd's Bush LU
Central,EB,Shepherd's Bush LU,Holland Park
Central,EB,Holland Park,Notting Hill Gate
Central,EB,Notting Hill Gate,Queensway
Central,EB,Queensway,Lancaster Gate
Central,EB,Lancaster Gate,Marble Arch
Central,EB,Marble Arch,Bond Street
Central,EB,Bond Street,Oxford Circus
Central,EB,Oxford Circus,Tottenham Court Road
Central,EB,Tottenham Court Road,Holborn
Central,EB,Holborn,Chancery Lane
Central,EB,Chancery Lane,St. Paul's
Central,EB,St. Paul's,Bank
Central,EB,Bank,Liverpool Street LU
Central,EB,Liverpool Street LU,Bethnal Green LU
Central,EB,Bethnal Green LU,Mile End
Central,EB,Mile End,Stratford
Central,EB,Stratford,Leyton
Central,EB,Leyton,Leytonstone
Central,EB,Leytonstone,Snaresbrook
Central,EB,Snaresbrook,South Woodford
Central,EB,South Woodford,Woodford
Central,EB,Woodford,Buckhurst Hill
Central,EB,Buckhurst Hill,Loughton
Central,EB,Loughton,Debden
Central,EB,Debden,Theydon Bois
Central,EB,Theydon Bois,Epping
Central,EB,Leytonstone,Wanstead
Central,EB,Wanstead,Redbridge
Central,EB,Redbridge,Gants Hill
Central,EB,Gants Hill,Newbury Park
Central,EB,Newbury Park,Barkingside
Central,EB,Barkingside,Fairlop
Central,EB,Fairlop,Hainault
Central,EB,Hainault,Grange Hill
Central,EB,Grange Hill,Chigwell
Central,EB,Chigwell,Roding Valley
Central,EB,Roding Valley,Woodford
Central,WB,Epping,Theydon Bois
Central,WB,Theydon Bois,Debden
Central,WB,Debden,Loughton
Central,WB,Loughton,Buckhurst Hill
Central,WB,Buckhurst Hill,Woodford
Central,WB,Woodford,South Woodford
Central,WB,South Woodford,Snaresbrook
Central,WB,Snaresbrook,Leytonstone
Central,WB,Woodford,Roding Valley
Central,WB,Roding Valley,Chigwell
Central,WB,Chigwell,Grange Hill
Central,WB,Grange Hill,Hainault
Central,WB,Hainault,Fairlop
Central,WB,Fairlop,Barkingside
Central,WB,Barkingside,Newbury Park
Central,WB,Newbury Park,Gants Hill
Central,WB,Gants Hill,Redbridge
Central,WB,Redbridge,Wanstead
Central,WB,Wanstead,Leytonstone
Central,WB,Leytonstone,Leyton
Central,WB,Leyton,Stratford
Central,WB,Stratford,Mile End
Central,WB,Mile End,Bethnal Green LU
Central,WB,Bethnal Green LU,Liverpool Street LU
Central,WB,Liverpool Street LU,Bank
Central,WB,Bank,St. Paul's
Central,WB,St. Paul's,Chancery Lane
Central,WB,Chancery Lane,Holborn
Central,WB,Holborn,Tottenham Court Road
Central,WB,Tottenham Court Road,Oxford Circus
Central,WB,Oxford Circus,Bond Street
Central,WB,Bond Street,Marble Arch
Central,WB,Marble Arch,Lancaster Gate
Central,WB,Lancaster Gate,Queensway
Central,WB,Queensway,Notting Hill Gate
Central,WB,Notting Hill Gate,Holland Park
Central,WB,Holland Park,Shepherd's Bush LU
Central,WB,Shepherd's Bush LU,White City
Central,WB,White City,East Acton
Central,WB,East Acton,North Acton
Central,WB,North Acton,Hanger Lane
Central,WB,Hanger Lane,Perivale
Central,WB,Perivale,Greenford
Central,WB,Greenford,Northolt
Central,WB,Northolt,South Ruislip
Central,WB,South Ruislip,Ruislip Gardens
Central,WB,Ruislip Gardens,West Ruislip
Central,WB,North Acton,West Acton
Central,WB,West Acton,Ealing Broadway
District,EB,Ealing Broadway,Ealing Common
District,EB,Ealing Common,Acton Town
District,EB,Acton Town,Chiswick Park
District,EB,Chiswick Park,Turnham Green
District,EB,Richmond,Kew Gardens
District,EB,Kew Gardens,Gunnersbury
District,EB,Gunnersbury,Turnham Green
District,EB,Turnham Green,Stamford Brook
District,EB,Stamford Brook,Ravenscourt Park
District,EB,Ravenscourt Park,Hammersmith (DIS)
District,EB,Hammersmith (DIS),Barons Court
District,EB,Barons Court,West Kensington
District,EB,West Kensington,Earl's Court
District,EB,Wimbledon,Wimbledon Park
District,EB,Wimbledon Park,Southfields
District,EB,Southfields,East Putney
District,EB,East Putney,Putney Bridge
District,EB,Putney Bridge,Parsons Green
District,EB,Parsons Green,Fulham Broadway
District,EB,Fulham Broadway,West Brompton
District,EB,West Brompton,Earl's Court
District,EB,Kensington (Olympia),Earl's Court
District,EB,Earl's Court,High Street Kensington
District,EB,High Street Kensington,Notting Hill Gate
District,EB,Notting Hill Gate,Bayswater
District,EB,Bayswater,Paddington TfL
District,EB,Paddington TfL,Edgware Road (DIS)
District,EB,Earl's Court,Gloucester Road
District,EB,Gloucester Road,South Kensington
District,EB,South Kensington,Sloane Square
District,EB,Sloane Square,Victoria LU
District,EB,Victoria LU,St. James's Park
District,EB,St. James's Park,Westminster
District,EB,Westminster,Embankment
District,EB,Embankment,Temple
District,EB,Temple,Blackfriars LU
District,EB,Blackfriars LU,Mansion House
District,EB,Mansion House,Cannon Street LU
District,EB,Cannon Street LU,Bank
District,EB,Bank,Tower Hill
District,EB,Tower Hill,Aldgate East
District,EB,Aldgate East,Whitechapel
District,EB,Whitechapel,Stepney Green
District,EB,Stepney Green,Mile End
District,EB,Mile End,Bow Road
District,EB,Bow Road,Bromley-by-Bow
District,EB,Bromley-by-Bow,West Ham
District,EB,West Ham,Plaistow
District,EB,Plaistow,Upton Park
District,EB,Upton Park,East Ham
District,EB,East Ham,Barking
District,EB,Barking,Upney
District,EB,Upney,Becontree
District,EB,Becontree,Dagenham Heathway
District,EB,Dagenham Heathway,Dagenham East
District,EB,Dagenham East,Elm Park
District,EB,Elm Park,Hornchurch
District,EB,Hornchurch,Upminster Bridge
District,EB,Upminster Bridge,Upminster
District,WB,Upminster,Upminster Bridge
District,WB,Upminster Bridge,Hornchurch
District,WB,Hornchurch,Elm Park
District,WB,Elm Park,Dagenham East
District,WB,Dagenham East,Dagenham Heathway
District,WB,Dagenham Heathway,Becontree
District,WB,Becontree,Upney
District,WB,Upney,Barking
District,WB,Barking,East Ham
District,WB,East Ham,Upton Park
District,WB,Upton Park,Plaistow
District,WB,Plaistow,West Ham
District,WB,West Ham,Bromley-by-Bow
District,WB,Bromley-by-Bow,Bow Road
District,WB,Bow Road,Mile End
District,WB,Mile End,Stepney Green
District,WB,Stepney Green,Whitechapel
District,WB,Whitechapel,Aldgate East
District,WB,Aldgate East,Tower Hill
District,WB,Tower Hill,Bank
District,WB,Bank,Cannon Street LU
District,WB,Cannon Street LU,Mansion House
District,WB,Mansion House,Blackfriars LU
District,WB,Blackfriars LU,Temple
District,WB,Temple,Embankment
District,WB,Embankment,Westminster
District,WB,Westminster,St. James's Park
District,WB,St. James's Park,Victoria LU
District,WB,Victoria LU,Sloane Square
District,WB,Sloane Square,South Kensington
District,WB,South Kensington,Gloucester Road
District,WB,Gloucester Road,Earl's Court
District,WB,Edgware Road (DIS),Paddington TfL
District,WB,Paddington TfL,Bayswater
District,WB,Bayswater,Notting Hill Gate
District,WB,Notting Hill Gate,High Street Kensington
District,WB,High Street Kensington,Earl's Court
District,WB,Earl's Court,Kensington (Olympia)
District,WB,Earl's Court,West Brompton
District,WB,West Brompton,Fulham Broadway
District,WB,Fulham Broadway,Parsons Green
District,WB,Parsons Green,Putney Bridge
District,WB,Putney Bridge,East Putney
District,WB,East Putney,Southfields
District,WB,Southfields,Wimbledon Park
District,WB,Wimbledon Park,Wimbledon
District,WB,Earl's Court,West Kensington
District,WB,West Kensington,Barons Court
District,WB,Barons Court,Hammersmith (DIS)
District,WB,Hammersmith (DIS),Ravenscourt Park
District,WB,Ravenscourt Park,Stamford Brook
District,WB,Stamford Brook,Turnham Green
District,WB,Turnham Green,Gunnersbury
District,WB,Gunnersbury,Kew Gardens
District,WB,Kew Gardens,Richmond
District,WB,Turnham Green,Chiswick Park
District,WB,Chiswick Park,Acton Town
District,WB,Acton Town,Ealing Common
District,WB,Ealing Common,Ealing Broadway
DLR,IB,Woolwich Arsenal,King George V
DLR,IB,King George V,London City Airport
DLR,IB,London City Airport,Pontoon Dock
DLR,IB,Pontoon Dock,West Silvertown
DLR,IB,West Silvertown,Canning Town
DLR,IB,Beckton,Gallions Reach
DLR,IB,Gallions Reach,Cyprus
DLR,IB,Cyprus,Beckton Park
DLR,IB,Beckton Park,Royal Albert
DLR,IB,Royal Albert,Prince Regent
DLR,IB,Prince Regent,Custom House
DLR,IB,Custom House,Royal Victoria
DLR,IB,Royal Victoria,Canning Town
DLR,IB,Canning Town,Star Lane
DLR,IB,Star Lane,West Ham
DLR,IB,West Ham,Abbey Road
DLR,IB,Abbey Road,Stratford High Street
DLR,IB,Stratford High Street,Stratford
DLR,IB,Stratford,Stratford International DLR
DLR,IB,Canning Town,East India
DLR,IB,East India,Blackwall
DLR,IB,Blackwall,Poplar
DLR,IB,Poplar,Westferry
DLR,IB,Lewisham DLR,Elverson Road
DLR,IB,Elverson Road,Deptford Bridge
DLR,IB,Deptford Bridge,Greenwich
DLR,IB,Greenwich,Cutty Sark
DLR,IB,Cutty Sark,Island Gardens
DLR,IB,Island Gardens,Mudchute
DLR,IB,Mudchute,Crossharbour
DLR,IB,Crossharbour,South Quay
DLR,IB,South Quay,Heron Quays
DLR,IB,Heron Quays,Canary Wharf DLR
DLR,IB,Canary Wharf DLR,West India Quay
DLR,IB,West India Quay,Westferry
DLR,IB,Westferry,Limehouse DLR
DLR,IB,Limehouse DLR,Shadwell DLR
DLR,IB,Shadwell DLR,Tower Gateway
DLR,IB,Shadwell DLR,Bank
DLR,IB,West India Quay,Poplar
DLR,IB,Poplar,All Saints
DLR,IB,All Saints,Langdon Park
DLR,IB,Langdon Park,Devons Road
DLR,IB,Devons Road,Bow Church
DLR,IB,Bow Church,Pudding Mill Lane
DLR,IB,Pudding Mill Lane,Stratford
DLR,OB,Stratford,Pudding Mill Lane
DLR,OB,Pudding Mill Lane,Bow Church
DLR,OB,Bow Church,Devons Road
DLR,OB,Devons Road,Langdon Park
DLR,OB,Langdon Park,All Saints
DLR,OB,All Saints,Poplar
DLR,OB,Bank,Shadwell DLR
DLR,OB,Tower Gateway,Shadwell DLR
DLR,OB,Shadwell DLR,Limehouse DLR
DLR,OB,Limehouse DLR,Westferry
DLR,OB,Westferry,Canary Wharf DLR
DLR,OB,Poplar,West India Quay
DLR,OB,West India Quay,Canary Wharf DLR
DLR,OB,Canary Wharf DLR,Heron Quays
DLR,OB,Heron Quays,South Quay
DLR,OB,South Quay,Crossharbour
DLR,OB,Crossharbour,Mudchute
DLR,OB,Mudchute,Island Gardens
DLR,OB,Island Gardens,Cutty Sark
DLR,OB,Cutty Sark,Greenwich
DLR,OB,Greenwich,Deptford Bridge
DLR,OB,Deptford Bridge,Elverson Road
DLR,OB,Elverson Road,Lewisham DLR
DLR,OB,Westferry,Poplar
DLR,OB,Poplar,Blackwall
DLR,OB,Blackwall,East India
DLR,OB,East India,Canning Town
DLR,OB,Stratford International DLR,Stratford
DLR,OB,Stratford,Stratford High Street
DLR,OB,Stratford High Street,Abbey Road
DLR,OB,Abbey Road,West Ham
DLR,OB,West Ham,Star Lane
DLR,OB,Star Lane,Canning Town
DLR,OB,Canning Town,Royal Victoria
DLR,OB,Royal Victoria,Custom House
DLR,OB,Custom House,Prince Regent
DLR,OB,Prince Regent,Royal Albert
DLR,OB,Royal Albert,Beckton Park
DLR,OB,Beckton Park,Cyprus
DLR,OB,Cyprus,Gallions Reach
DLR,OB,Gallions Reach,Beckton
DLR,OB,Canning Town,West Silvertown
DLR,OB,West Silvertown,Pontoon Dock
DLR,OB,Pontoon Dock,London City Airport
DLR,OB,London City Airport,King George V
DLR,OB,King George V,Woolwich Arsenal
Elizabeth Line,EB,Reading,Twyford
Elizabeth Line,EB,Twyford,Maidenhead
Elizabeth Line,EB,Maidenhead,Taplow
Elizabeth Line,EB,Taplow,Burnham
Elizabeth Line,EB,Burnham,Slough
Elizabeth Line,EB,Slough,Langley
Elizabeth Line,EB,Langley,Iver
Elizabeth Line,EB,Iver,West Drayton
Elizabeth Line,EB,West Drayton,Hayes & Harlington
Elizabeth Line,EB,Heathrow Terminal 4 EL,Heathrow Terminals 2 & 3 EL
Elizabeth Line,EB,Heathrow Terminals 2 & 3 EL,Hayes & Harlington
Elizabeth Line,EB,Hayes & Harlington,Southall
Elizabeth Line,EB,Southall,Hanwell
Elizabeth Line,EB,Hanwell,West Ealing
Elizabeth Line,EB,West Ealing,Ealing Broadway
Elizabeth Line,EB,Ealing Broadway,Acton Main Line
Elizabeth Line,EB,Acton Main Line,Paddington NR
Elizabeth Line,EB,Liverpool Street NR,Stratford
Elizabeth Line,EB,Stratford,Maryland
Elizabeth Line,EB,Maryland,Forest Gate
Elizabeth Line,EB,Forest Gate,Manor Park
Elizabeth Line,EB,Manor Park,Ilford
Elizabeth Line,EB,Ilford,Seven Kings
Elizabeth Line,EB,Seven Kings,Goodmayes
Elizabeth Line,EB,Goodmayes,Chadwell Heath
Elizabeth Line,EB,Chadwell Heath,Romford
Elizabeth Line,EB,Romford,Gidea Park
Elizabeth Line,EB,Gidea Park,Harold Wood
Elizabeth Line,EB,Harold Wood,Brentwood
Elizabeth Line,EB,Brentwood,Shenfield
Elizabeth Line,WB,Shenfield,Brentwood
Elizabeth Line,WB,Brentwood,Harold Wood
Elizabeth Line,WB,Harold Wood,Gidea Park
Elizabeth Line,WB,Gidea Park,Romford
Elizabeth Line,WB,Romford,Chadwell Heath
Elizabeth Line,WB,Chadwell Heath,Goodmayes
Elizabeth Line,WB,Goodmayes,Seven Kings
Elizabeth Line,WB,Seven Kings,Ilford
Elizabeth Line,WB,Ilford,Manor Park
Elizabeth Line,WB,Manor Park,Forest Gate
Elizabeth Line,WB,Forest Gate,Maryland
Elizabeth Line,WB,Maryland,Stratford
Elizabeth Line,WB,Stratford,Liverpool Street NR
Elizabeth Line,WB,Paddington NR,Acton Main Line
Elizabeth Line,WB,Acton Main Line,Ealing Broadway
Elizabeth Line,WB,Ealing Broadway,West Ealing
Elizabeth Line,WB,West Ealing,Hanwell
Elizabeth Line,WB,Hanwell,Southall
Elizabeth Line,WB,Southall,Hayes & Harlington
Elizabeth Line,WB,Hayes & Harlington,Heathrow Terminals 2 & 3 EL
Elizabeth Line,WB,Heathrow Terminals 2 & 3 EL,Heathrow Terminal 4 EL
Elizabeth Line,WB,Hayes & Harlington,West Drayton
Elizabeth Line,WB,West Drayton,Iver
Elizabeth Line,WB,Iver,Langley
Elizabeth Line,WB,Langley,Slough
Elizabeth Line,WB,Slough,Burnham
Elizabeth Line,WB,Burnham,Taplow
Elizabeth Line,WB,Taplow,Maidenhead
Elizabeth Line,WB,Maidenhead,Twyford
Elizabeth Line,WB,Twyford,Reading
H&C and Circle,IR,Barking,East Ham
H&C and Circle,IR,East Ham,Upton Park
H&C and Circle,IR,Upton Park,Plaistow
H&C and Circle,IR,Plaistow,West Ham
H&C and Circle,IR,West Ham,Bromley-by-Bow
H&C and Circle,IR,Bromley-by-Bow,Bow Road
H&C and Circle,IR,Bow Road,Mile End
H&C and Circle,IR,Mile End,Stepney Green
H&C and Circle,IR,Stepney Green,Whitechapel
H&C and Circle,IR,Whitechapel,Aldgate East
H&C and Circle,IR,Aldgate East,Liverpool Street LU
H&C and Circle,IR,Liverpool Street LU,Moorgate
H&C and Circle,IR,Moorgate,Barbican
H&C and Circle,IR,Barbican,Farringdon
H&C and Circle,IR,Farringdon,King's Cross St. Pancras
H&C and Circle,IR,King's Cross St. Pancras,Euston Square
H&C and Circle,IR,Euston Square,Great Portland Street
H&C and Circle,IR,Great Portland Street,Baker Street
H&C and Circle,IR,Baker Street,Edgware Road (DIS)
H&C and Circle,IR,Edgware Road (DIS),Paddington TfL
H&C and Circle,IR,Paddington TfL,Royal Oak
H&C and Circle,IR,Royal Oak,Westbourne Park
H&C and Circle,IR,Westbourne Park,Ladbroke Grove
H&C and Circle,IR,Ladbroke Grove,Latimer Road
H&C and Circle,IR,Latimer Road,Wood Lane
H&C and Circle,IR,Wood Lane,Shepherd's Bush Market
H&C and Circle,IR,Shepherd's Bush Market,Goldhawk Road
H&C and Circle,IR,Goldhawk Road,Hammersmith (H&C)
H&C and Circle,IR,Edgware Road (DIS),Paddington TfL
H&C and Circle,IR,Paddington TfL,Bayswater
H&C and Circle,IR,Bayswater,Notting Hill Gate
H&C and Circle,IR,Notting Hill Gate,High Street Kensington
H&C and Circle,IR,High Street Kensington,Gloucester Road
H&C and Circle,IR,Gloucester Road,South Kensington
H&C and Circle,IR,South Kensington,Sloane Square
H&C and Circle,IR,Sloane Square,Victoria LU
H&C and Circle,IR,Victoria LU,St. James's Park
H&C and Circle,IR,St. James's Park,Westminster
H&C and Circle,IR,Westminster,Embankment
H&C and Circle,IR,Embankment,Temple
H&C and Circle,IR,Temple,Blackfriars LU
H&C and Circle,IR,Blackfriars LU,Mansion House
H&C and Circle,IR,Mansion House,Cannon Street LU
H&C and Circle,IR,Cannon Street LU,Bank
H&C and Circle,IR,Bank,Tower Hill
H&C and Circle,IR,Tower Hill,Aldgate
H&C and Circle,IR,Aldgate,Liverpool Street LU
H&C and Circle,OR,Liverpool Street LU,Aldgate
H&C and Circle,OR,Aldgate,Tower Hill
H&C and Circle,OR,Tower Hill,Bank
H&C and Circle,OR,Bank,Cannon Street LU
H&C and Circle,OR,Cannon Street LU,Mansion House
H&C and Circle,OR,Mansion House,Blackfriars LU
H&C and Circle,OR,Blackfriars LU,Temple
H&C and Circle,OR,Temple,Embankment
H&C and Circle,OR,Embankment,Westminster
H&C and Circle,OR,Westminster,St. James's Park
H&C and Circle,OR,St. James's Park,Victoria LU
H&C and Circle,OR,Victoria LU,Sloane Square
H&C and Circle,OR,Sloane Square,South Kensington
H&C and Circle,OR,South Kensington,Gloucester Road
H&C and Circle,OR,Gloucester Road,High Street Kensington
H&C and Circle,OR,High Street Kensington,Notting Hill Gate
H&C and Circle,OR,Notting Hill Gate,Bayswater
H&C and Circle,OR,Bayswater,Paddington TfL
H&C and Circle,OR,Paddington TfL,Edgware Road (DIS)
H&C and Circle,OR,Hammersmith (H&C),Goldhawk Road
H&C and Circle,OR,Goldhawk Road,Shepherd's Bush Market
H&C and Circle,OR,Shepherd's Bush Market,Wood Lane
H&C and Circle,OR,Wood Lane,Latimer Road
H&C and Circle,OR,Latimer Road,Ladbroke Grove
H&C and Circle,OR,Ladbroke Grove,Westbourne Park
H&C and Circle,OR,Westbourne Park,Royal Oak
H&C and Circle,OR,Royal Oak,Paddington TfL
H&C and Circle,OR,Paddington TfL,Edgware Road (DIS)
H&C and Circle,OR,Edgware Road (DIS),Baker Street
H&C and Circle,OR,Baker Street,Great Portland Street
H&C and Circle,OR,Great Portland Street,Euston Square
H&C and Circle,OR,Euston Square,King's Cross St. Pancras
H&C and Circle,OR,King's Cross St. Pancras,Farringdon
H&C and Circle,OR,Farringdon,Barbican
H&C and Circle,OR,Barbican,Moorgate
H&C and Circle,OR,Moorgate,Liverpool Street LU
H&C and Circle,OR,Liverpool Street LU,Aldgate East
H&C and Circle,OR,Aldgate East,Whitechapel
H&C and Circle,OR,Whitechapel,Stepney Green
H&C and Circle,OR,Stepney Green,Mile End
H&C and Circle,OR,Mile End,Bow Road
H&C and Circle,OR,Bow Road,Bromley-by-Bow
H&C and Circle,OR,Bromley-by-Bow,West Ham
H&C and Circle,OR,West Ham,Plaistow
H&C and Circle,OR,Plaistow,Upton Park
H&C and Circle,OR,Upton Park,East Ham
H&C and Circle,OR,East Ham,Barking
Jubilee,NB,Stratford,West Ham
Jubilee,NB,West Ham,Canning Town
Jubilee,NB,Canning Town,North Greenwich
Jubilee,NB,North Greenwich,Canary Wharf LU
Jubilee,NB,Canary Wharf LU,Canada Water
Jubilee,NB,Canada Water,Bermondsey
Jubilee,NB,Bermondsey,London Bridge LU
Jubilee,NB,London Bridge LU,Southwark
Jubilee,NB,Southwark,Waterloo LU
Jubilee,NB,Waterloo LU,Westminster
Jubilee,NB,Westminster,Green Park
Jubilee,NB,Green Park,Bond Street
Jubilee,NB,Bond Street,Baker Street
Jubilee,NB,Baker Street,St. John's Wood
Jubilee,NB,St. John's Wood,Swiss Cottage
Jubilee,NB,Swiss Cottage,Finchley Road
Jubilee,NB,Finchley Road,West Hampstead LU
Jubilee,NB,West Hampstead LU,Kilburn
Jubilee,NB,Kilburn,Willesden Green
Jubilee,NB,Willesden Green,Dollis Hill
Jubilee,NB,Dollis Hill,Neasden
Jubilee,NB,Neasden,Wembley Park
Jubilee,NB,Wembley Park,Kingsbury
Jubilee,NB,Kingsbury,Queensbury
Jubilee,NB,Queensbury,Canons Park
Jubilee,NB,Canons Park,Stanmore
Jubilee,SB,Stanmore,Canons Park
Jubilee,SB,Canons Park,Queensbury
Jubilee,SB,Queensbury,Kingsbury
Jubilee,SB,Kingsbury,Wembley Park
Jubilee,SB,Wembley Park,Neasden
Jubilee,SB,Neasden,Dollis Hill
Jubilee,SB,Dollis Hill,Willesden Green
Jubilee,SB,Willesden Green,Kilburn
Jubilee,SB,Kilburn,West Hampstead LU
Jubilee,SB,West Hampstead LU,Finchley Road
Jubilee,SB,Finchley Road,Swiss Cottage
Jubilee,SB,Swiss Cottage,St. John's Wood
Jubilee,SB,St. John's Wood,Baker Street
Jubilee,SB,Baker Street,Bond Street
Jubilee,SB,Bond Street,Green Park
Jubilee,SB,Green Park,Westminster
Jubilee,SB,Westminster,Waterloo LU
Jubilee,SB,Waterloo LU,Southwark
Jubilee,SB,Southwark,London Bridge LU
Jubilee,SB,London Bridge LU,Bermondsey
Jubilee,SB,Bermondsey,Canada Water
Jubilee,SB,Canada Water,Canary Wharf LU
Jubilee,SB,Canary Wharf LU,North Greenwich
Jubilee,SB,North Greenwich,Canning Town
Jubilee,SB,Canning Town,West Ham
Jubilee,SB,West Ham,Stratford
LO East London,NB,Battersea Park,Wandsworth Road
LO East London,NB,Clapham Junction,Wandsworth Road
LO East London,NB,Wandsworth Road,Clapham High Street
LO East London,NB,Clapham High Street,Denmark Hill
LO East London,NB,Denmark Hill,Peckham Rye
LO East London,NB,Peckham Rye,Queens Road Peckham
LO East London,NB,Queens Road Peckham,Surrey Quays
LO East London,NB,Crystal Palace,Sydenham
LO East London,NB,West Croydon NR,Norwood Junction
LO East London,NB,Norwood Junction,Anerley
LO East London,NB,Anerley,Penge West
LO East London,NB,Penge West,Sydenham
LO East London,NB,Sydenham,Forest Hill
LO East London,NB,Forest Hill,Honor Oak Park
LO East London,NB,Honor Oak Park,Brockley
LO East London,NB,Brockley,New Cross Gate
LO East London,NB,New Cross Gate,Surrey Quays
LO East London,NB,New Cross,Surrey Quays
LO East London,NB,Surrey Quays,Canada Water
LO East London,NB,Canada Water,Rotherhithe
LO East London,NB,Rotherhithe,Wapping
LO East London,NB,Wapping,Shadwell LO
LO East London,NB,Shadwell LO,Whitechapel
LO East London,NB,Whitechapel,Shoreditch High Street
LO East London,NB,Shoreditch High Street,Hoxton
LO East London,NB,Hoxton,Haggerston
LO East London,NB,Haggerston,Dalston Junction
LO East London,NB,Dalston Junction,Canonbury
LO East London,NB,Canonbury,Highbury & Islington
LO East London,SB,Highbury & Islington,Canonbury
LO East London,SB,Canonbury,Dalston Junction
LO East London,SB,Dalston Junction,Haggerston
LO East London,SB,Haggerston,Hoxton
LO East London,SB,Hoxton,Shoreditch High Street
LO East London,SB,Shoreditch High Street,Whitechapel
LO East London,SB,Whitechapel,Shadwell LO
LO East London,SB,Shadwell LO,Wapping
LO East London,SB,Wapping,Rotherhithe
LO East London,SB,Rotherhithe,Canada Water
LO East London,SB,Canada Water,Surrey Quays
LO East London,SB,Surrey Quays,New Cross
LO East London,SB,Surrey Quays,New Cross Gate
LO East London,SB,New Cross Gate,Brockley
LO East London,SB,Brockley,Honor Oak Park
LO East London,SB,Honor Oak Park,Forest Hill
LO East London,SB,Forest Hill,Sydenham
LO East London,SB,Sydenham,Penge West
LO East London,SB,Penge West,Anerley
LO East London,SB,Anerley,Norwood Junction
LO East London,SB,Norwood Junction,West Croydon NR
LO East London,SB,Sydenham,Crystal Palace
LO East London,SB,Surrey Quays,Queens Road Peckham
LO East London,SB,Queens Road Peckham,Peckham Rye
LO East London,SB,Peckham Rye,Denmark Hill
LO East London,SB,Denmark Hill,Clapham High Street
LO East London,SB,Clapham High Street,Wandsworth Road
LO East London,SB,Wandsworth Road,Clapham Junction
LO East London,SB,Wandsworth Road,Battersea Park
LO Gospel Oak-Barking,EB,Gospel Oak,Upper Holloway
LO Gospel Oak-Barking,EB,Upper Holloway,Crouch Hill
LO Gospel Oak-Barking,EB,Crouch Hill,Harringay Green Lanes
LO Gospel Oak-Barking,EB,Harringay Green Lanes,South Tottenham
LO Gospel Oak-Barking,EB,South Tottenham,Blackhorse Road
LO Gospel Oak-Barking,EB,Blackhorse Road,Walthamstow Queen's Road
LO Gospel Oak-Barking,EB,Walthamstow Queen's Road,Leyton Midland Road
LO Gospel Oak-Barking,EB,Leyton Midland Road,Leytonstone High Road
LO Gospel Oak-Barking,EB,Leytonstone High Road,Wanstead Park
LO Gospel Oak-Barking,EB,Wanstead Park,Woodgrange Park
LO Gospel Oak-Barking,EB,Woodgrange Park,Barking
LO Gospel Oak-Barking,WB,Barking,Woodgrange Park
LO Gospel Oak-Barking,WB,Woodgrange Park,Wanstead Park
LO Gospel Oak-Barking,WB,Wanstead Park,Leytonstone High Road
LO Gospel Oak-Barking,WB,Leytonstone High Road,Leyton Midland Road
LO Gospel Oak-Barking,WB,Leyton Midland Road,Walthamstow Queen's Road
LO Gospel Oak-Barking,WB,Walthamstow Queen's Road,Blackhorse Road
LO Gospel Oak-Barking,WB,Blackhorse Road,South Tottenham
LO Gospel Oak-Barking,WB,South Tottenham,Harringay Green Lanes
LO Gospel Oak-Barking,WB,Harringay Green Lanes,Crouch Hill
LO Gospel Oak-Barking,WB,Crouch Hill,Upper Holloway
LO Gospel Oak-Barking,WB,Upper Holloway,Gospel Oak
LO North London,EB,Clapham Junction,Imperial Wharf
LO North London,EB,Imperial Wharf,West Brompton
LO North London,EB,West Brompton,Kensington (Olympia)
LO North London,EB,Kensington (Olympia),Shepherd's Bush NR
LO North London,EB,Shepherd's Bush NR,Willesden Junction
LO North London,EB,Richmond,Kew Gardens
LO North London,EB,Kew Gardens,Gunnersbury
LO North London,EB,Gunnersbury,South Acton
LO North London,EB,South Acton,Acton Central
LO North London,EB,Acton Central,Willesden Junction
LO North London,EB,Willesden Junction,Kensal Rise
LO North London,EB,Kensal Rise,Brondesbury Park
LO North London,EB,Brondesbury Park,Brondesbury
LO North London,EB,Brondesbury,West Hampstead LO
LO North London,EB,West Hampstead LO,Finchley Road & Frognal
LO North London,EB,Finchley Road & Frognal,Hampstead Heath
LO North London,EB,Hampstead Heath,Gospel Oak
LO North London,EB,Gospel Oak,Kentish Town West
LO North London,EB,Kentish Town West,Camden Road
LO North London,EB,Camden Road,Caledonian Road & Barnsbury
LO North London,EB,Caledonian Road & Barnsbury,Highbury & Islington
LO North London,EB,Highbury & Islington,Canonbury
LO North London,EB,Canonbury,Dalston Kingsland
LO North London,EB,Dalston Kingsland,Hackney Central
LO North London,EB,Hackney Central,Homerton
LO North London,EB,Homerton,Hackney Wick
LO North London,EB,Hackney Wick,Stratford
LO North London,WB,Stratford,Hackney Wick
LO North London,WB,Hackney Wick,Homerton
LO North London,WB,Homerton,Hackney Central
LO North London,WB,Hackney Central,Dalston Kingsland
LO North London,WB,Dalston Kingsland,Canonbury
LO North London,WB,Canonbury,Highbury & Islington
LO North London,WB,Highbury & Islington,Caledonian Road & Barnsbury
LO North London,WB,Caledonian Road & Barnsbury,Camden Road
LO North London,WB,Camden Road,Kentish Town West
LO North London,WB,Kentish Town West,Gospel Oak
LO North London,WB,Gospel Oak,Hampstead Heath
LO North London,WB,Hampstead Heath,Finchley Road & Frognal
LO North London,WB,Finchley Road & Frognal,West Hampstead LO
LO North London,WB,West Hampstead LO,Brondesbury
LO North London,WB,Brondesbury,Brondesbury Park
LO North London,WB,Brondesbury Park,Kensal Rise
LO North London,WB,Kensal Rise,Willesden Junction
LO North London,WB,Willesden Junction,Acton Central
LO North London,WB,Acton Central,South Acton
LO North London,WB,South Acton,Gunnersbury
LO North London,WB,Gunnersbury,Kew Gardens
LO North London,WB,Kew Gardens,Richmond
LO North London,WB,Willesden Junction,Shepherd's Bush NR
LO North London,WB,Shepherd's Bush NR,Kensington (Olympia)
LO North London,WB,Kensington (Olympia),West Brompton
LO North London,WB,West Brompton,Imperial Wharf
LO North London,WB,Imperial Wharf,Clapham Junction
LO Romford–Upminster,EB,Romford,Emerson Park
LO Romford–Upminster,EB,Emerson Park,Upminster
LO Romford–Upminster,WB,Emerson Park,Romford
LO Romford–Upminster,WB,Upminster,Emerson Park
LO Watford-Euston,NB,Euston NR,South Hampstead
LO Watford-Euston,NB,South Hampstead,Kilburn High Road
LO Watford-Euston,NB,Kilburn High Road,Queen's Park
LO Watford-Euston,NB,Queen's Park,Kensal Green
LO Watford-Euston,NB,Kensal Green,Willesden Junction
LO Watford-Euston,NB,Willesden Junction,Harlesden
LO Watford-Euston,NB,Harlesden,Stonebridge Park
LO Watford-Euston,NB,Stonebridge Park,Wembley Central
LO Watford-Euston,NB,Wembley Central,North Wembley
LO Watford-Euston,NB,North Wembley,South Kenton
LO Watford-Euston,NB,South Kenton,Kenton
LO Watford-Euston,NB,Kenton,Harrow & Wealdstone
LO Watford-Euston,NB,Harrow & Wealdstone,Headstone Lane
LO Watford-Euston,NB,Headstone Lane,Hatch End
LO Watford-Euston,NB,Hatch End,Carpenders Park
LO Watford-Euston,NB,Carpenders Park,Bushey
LO Watford-Euston,NB,Bushey,Watford High Street
LO Watford-Euston,NB,Watford High Street,Watford Junction
LO Watford-Euston,SB,Watford Junction,Watford High Street
LO Watford-Euston,SB,Watford High Street,Bushey
LO Watford-Euston,SB,Bushey,Carpenders Park
LO Watford-Euston,SB,Carpenders Park,Hatch End
LO Watford-Euston,SB,Hatch End,Headstone Lane
LO Watford-Euston,SB,Headstone Lane,Harrow & Wealdstone
LO Watford-Euston,SB,Harrow & Wealdstone,Kenton
LO Watford-Euston,SB,Kenton,South Kenton
LO Watford-Euston,SB,South Kenton,North Wembley
LO Watford-Euston,SB,North Wembley,Wembley Central
LO Watford-Euston,SB,Wembley Central,Stonebridge Park
LO Watford-Euston,SB,Stonebridge Park,Harlesden
LO Watford-Euston,SB,Harlesden,Willesden Junction
LO Watford-Euston,SB,Willesden Junction,Kensal Green
LO Watford-Euston,SB,Kensal Green,Queen's Park
LO Watford-Euston,SB,Queen's Park,Kilburn High Road
LO Watford-Euston,SB,Kilburn High Road,South Hampstead
LO Watford-Euston,SB,South Hampstead,Euston NR
LO West Anglia,NB,Liverpool Street NR,Bethnal Green LO
LO West Anglia,NB,Bethnal Green LO,Cambridge Heath
LO West Anglia,NB,Cambridge Heath,London Fields
LO West Anglia,NB,London Fields,Hackney Downs
LO West Anglia,NB,Hackney Downs,Clapton
LO West Anglia,NB,Clapton,St James Street
LO West Anglia,NB,St James Street,Walthamstow Central
LO West Anglia,NB,Walthamstow Central,Wood Street
LO West Anglia,NB,Wood Street,Highams Park
LO West Anglia,NB,Highams Park,Chingford
LO West Anglia,NB,Hackney Downs,Rectory Road
LO West Anglia,NB,Rectory Road,Stoke Newington
LO West Anglia,NB,Stoke Newington,Stamford Hill
LO West Anglia,NB,Stamford Hill,Seven Sisters
LO West Anglia,NB,Seven Sisters,Bruce Grove
LO West Anglia,NB,Bruce Grove,White Hart Lane
LO West Anglia,NB,White Hart Lane,Silver Street
LO West Anglia,NB,Silver Street,Edmonton Green
LO West Anglia,NB,Edmonton Green,Bush Hill Park
LO West Anglia,NB,Bush Hill Park,Enfield Town
LO West Anglia,NB,Edmonton Green,Southbury
LO West Anglia,NB,Southbury,Turkey Street
LO West Anglia,NB,Turkey Street,Theobalds Grove
LO West Anglia,NB,Theobalds Grove,Cheshunt
LO West Anglia,SB,Cheshunt,Theobalds Grove
LO West Anglia,SB,Theobalds Grove,Turkey Street
LO West Anglia,SB,Turkey Street,Southbury
LO West Anglia,SB,Southbury,Edmonton Green
LO West Anglia,SB,Enfield Town,Bush Hill Park
LO West Anglia,SB,Bush Hill Park,Edmonton Green
LO West Anglia,SB,Edmonton Green,Silver Street
LO West Anglia,SB,Silver Street,White Hart Lane
LO West Anglia,SB,White Hart Lane,Bruce Grove
LO West Anglia,SB,Bruce Grove,Seven Sisters
LO West Anglia,SB,Seven Sisters,Stamford Hill
LO West Anglia,SB,Stamford Hill,Stoke Newington
LO West Anglia,SB,Stoke Newington,Rectory Road
LO West Anglia,SB,Rectory Road,Hackney Downs
LO West Anglia,SB,Chingford,Highams Park
LO West Anglia,SB,Highams Park,Wood Street
LO West Anglia,SB,Wood Street,Walthamstow Central
LO West Anglia,SB,Walthamstow Central,St James Street
LO West Anglia,SB,St James Street,Clapton
LO West Anglia,SB,Clapton,Hackney Downs
LO West Anglia,SB,Hackney Downs,London Fields
LO West Anglia,SB,London Fields,Cambridge Heath
LO West Anglia,SB,Cambridge Heath,Bethnal Green LO
LO West Anglia,SB,Bethnal Green LO,Liverpool Street NR
London Trams,EB,Wimbledon Trams,Dundonald Road
London Trams,EB,Dundonald Road,Merton Park
London Trams,EB,Merton Park,Morden Road
London Trams,EB,Morden Road,Phipps Bridge
London Trams,EB,Phipps Bridge,Belgrave Walk
London Trams,EB,Belgrave Walk,Mitcham
London Trams,EB,Mitcham,Mitcham Junction
London Trams,EB,Mitcham Junction,Beddington Lane
London Trams,EB,Beddington Lane,Therapia Lane
London Trams,EB,Therapia Lane,Ampere Way
London Trams,EB,Ampere Way,Waddon Marsh
London Trams,EB,Waddon Marsh,Wandle Park
London Trams,EB,Wandle Park,Reeves Corner
London Trams,EB,Reeves Corner,Centrale
London Trams,EB,Centrale,West Croydon Trams
London Trams,EB,West Croydon Trams,Wellesley Road
London Trams,EB,Wellesley Road,East Croydon Trams
London Trams,EB,East Croydon Trams,Lebanon Road
London Trams,EB,Lebanon Road,Sandilands
London Trams,EB,Sandilands,Addiscombe
London Trams,EB,Addiscombe,Blackhorse Lane
London Trams,EB,Blackhorse Lane,Woodside
London Trams,EB,Woodside,Arena
London Trams,EB,Arena,Elmers End
London Trams,EB,Arena,Harrington Road
London Trams,EB,Harrington Road,Birkbeck Trams
London Trams,EB,Birkbeck Trams,Avenue Road
London Trams,EB,Avenue Road,Beckenham Road
London Trams,EB,Beckenham Road,Beckenham Junction Trams
London Trams,EB,Sandilands,Lloyd Park
London Trams,EB,Lloyd Park,Coombe Lane
London Trams,EB,Coombe Lane,Gravel Hill
London Trams,EB,Gravel Hill,Addington Village
London Trams,EB,Addington Village,Fieldway
London Trams,EB,Fieldway,King Henry's Drive
London Trams,EB,King Henry's Drive,New Addington
London Trams,WB,New Addington,King Henry's Drive
London Trams,WB,King Henry's Drive,Fieldway
London Trams,WB,Fieldway,Addington Village
London Trams,WB,Addington Village,Gravel Hill
London Trams,WB,Gravel Hill,Coombe Lane
London Trams,WB,Coombe Lane,Lloyd Park
London Trams,WB,Beckenham Junction Trams,Beckenham Road
London Trams,WB,Beckenham Road,Avenue Road
London Trams,WB,Avenue Road,Birkbeck Trams
London Trams,WB,Birkbeck Trams,Harrington Road
London Trams,WB,Harrington Road,Arena
London Trams,WB,Elmers End,Arena
London Trams,WB,Arena,Woodside
London Trams,WB,Woodside,Blackhorse Lane
London Trams,WB,Blackhorse Lane,Addiscombe
London Trams,WB,Lloyd Park,Sandilands
London Trams,WB,Addiscombe,Sandilands
London Trams,WB,Sandilands,Lebanon Road
London Trams,WB,Lebanon Road,East Croydon Trams
London Trams,WB,East Croydon Trams,George Street
London Trams,WB,George Street,Church Street
London Trams,WB,Church Street,Centrale
London Trams,WB,Church Street,Wandle Park
London Trams,WB,Wandle Park,Waddon Marsh
London Trams,WB,Waddon Marsh,Ampere Way
London Trams,WB,Ampere Way,Therapia Lane
London Trams,WB,Therapia Lane,Beddington Lane
London Trams,WB,Beddington Lane,Mitcham Junction
London Trams,WB,Mitcham Junction,Mitcham
London Trams,WB,Mitcham,Belgrave Walk
London Trams,WB,Belgrave Walk,Phipps Bridge
London Trams,WB,Phipps Bridge,Morden Road
London Trams,WB,Morden Road,Merton Park
London Trams,WB,Merton Park,Dundonald Road
London Trams,WB,Dundonald Road,Wimbledon Trams
Metropolitan,NB,Aldgate,Liverpool Street LU
Metropolitan,NB,Liverpool Street LU,Moorgate
Metropolitan,NB,Moorgate,Barbican
Metropolitan,NB,Barbican,Farringdon
Metropolitan,NB,Farringdon,King's Cross St. Pancras
Metropolitan,NB,King's Cross St. Pancras,Euston Square
Metropolitan,NB,Euston Square,Great Portland Street
Metropolitan,NB,Great Portland Street,Baker Street
Metropolitan,NB,Baker Street,Finchley Road
Metropolitan,NB,Finchley Road,Wembley Park
Metropolitan,NB,Wembley Park,Preston Road
Metropolitan,NB,Preston Road,Northwick Park
Metropolitan,NB,Northwick Park,Harrow-on-the-Hill
Metropolitan,NB,Harrow-on-the-Hill,North Harrow
Metropolitan,NB,North Harrow,Pinner
Metropolitan,NB,Pinner,Northwood Hills
Metropolitan,NB,Northwood Hills,Northwood
Metropolitan,NB,Northwood,Moor Park
Metropolitan,NB,Moor Park,Croxley
Metropolitan,NB,Croxley,Watford
Metropolitan,NB,Moor Park,Rickmansworth
Metropolitan,NB,Rickmansworth,Chorleywood
Metropolitan,NB,Chorleywood,Chalfont & Latimer
Metropolitan,NB,Chalfont & Latimer,Chesham
Metropolitan,NB,Chalfont & Latimer,Amersham
Metropolitan,NB,Harrow-on-the-Hill,West Harrow
Metropolitan,NB,West Harrow,Rayners Lane
Metropolitan,NB,Rayners Lane,Eastcote
Metropolitan,NB,Eastcote,Ruislip Manor
Metropolitan,NB,Ruislip Manor,Ruislip
Metropolitan,NB,Ruislip,Ickenham
Metropolitan,NB,Ickenham,Hillingdon
Metropolitan,NB,Hillingdon,Uxbridge
Metropolitan,SB,Uxbridge,Hillingdon
Metropolitan,SB,Hillingdon,Ickenham
Metropolitan,SB,Ickenham,Ruislip
Metropolitan,SB,Ruislip,Ruislip Manor
Metropolitan,SB,Ruislip Manor,Eastcote
Metropolitan,SB,Eastcote,Rayners Lane
Metropolitan,SB,Rayners Lane,West Harrow
Metropolitan,SB,West Harrow,Harrow-on-the-Hill
Metropolitan,SB,Amersham,Chalfont & Latimer
Metropolitan,SB,Chesham,Chalfont & Latimer
Metropolitan,SB,Chalfont & Latimer,Chorleywood
Metropolitan,SB,Chorleywood,Rickmansworth
Metropolitan,SB,Rickmansworth,Moor Park
Metropolitan,SB,Watford,Croxley
Metropolitan,SB,Croxley,Moor Park
Metropolitan,SB,Moor Park,Northwood
Metropolitan,SB,Northwood,Northwood Hills
Metropolitan,SB,Northwood Hills,Pinner
Metropolitan,SB,Pinner,North Harrow
Metropolitan,SB,North Harrow,Harrow-on-the-Hill
Metropolitan,SB,Harrow-on-the-Hill,Northwick Park
Metropolitan,SB,Northwick Park,Preston Road
Metropolitan,SB,Preston Road,Wembley Park
Metropolitan,SB,Wembley Park,Finchley Road
Metropolitan,SB,Finchley Road,Baker Street
Metropolitan,SB,Baker Street,Great Portland Street
Metropolitan,SB,Great Portland Street,Euston Square
Metropolitan,SB,Euston Square,King's Cross St. Pancras
Metropolitan,SB,King's Cross St. Pancras,Farringdon
Metropolitan,SB,Farringdon,Barbican
Metropolitan,SB,Barbican,Moorgate
Metropolitan,SB,Moorgate,Liverpool Street LU
Metropolitan,SB,Liverpool Street LU,Aldgate
Northern,NB,Morden,South Wimbledon
Northern,NB,South Wimbledon,Colliers Wood
Northern,NB,Colliers Wood,Tooting Broadway
Northern,NB,Tooting Broadway,Tooting Bec
Northern,NB,Tooting Bec,Balham LU
Northern,NB,Balham LU,Clapham South
Northern,NB,Clapham South,Clapham Common
Northern,NB,Clapham Common,Clapham North
Northern,NB,Clapham North,Stockwell
Northern,NB,Stockwell,Oval
Northern,NB,Oval,Kennington
Northern,NB,Kennington,Waterloo LU
Northern,NB,Waterloo LU,Embankment
Northern,NB,Embankment,Charing Cross LU
Northern,NB,Charing Cross LU,Leicester Square
Northern,NB,Leicester Square,Tottenham Court Road
Northern,NB,Tottenham Court Road,Goodge Street
Northern,NB,Goodge Street,Warren Street
Northern,NB,Warren Street,Euston LU
Northern,NB,Euston LU,Mornington Crescent
Northern,NB,Mornington Crescent,Camden Town
Northern,NB,Kennington,Elephant & Castle LU
Northern,NB,Elephant & Castle LU,Borough
Northern,NB,Borough,London Bridge LU
Northern,NB,London Bridge LU,Bank
Northern,NB,Bank,Moorgate
Northern,NB,Moorgate,Old Street
Northern,NB,Old Street,Angel
Northern,NB,Angel,King's Cross St. Pancras
Northern,NB,King's Cross St. Pancras,Euston LU
Northern,NB,Euston LU,Camden Town
Northern,NB,Camden Town,Kentish Town
Northern,NB,Kentish Town,Tufnell Park
Northern,NB,Tufnell Park,Archway
Northern,NB,Archway,Highgate
Northern,NB,Highgate,East Finchley
Northern,NB,East Finchley,Finchley Central
Northern,NB,Finchley Central,Mill Hill East
Northern,NB,Finchley Central,West Finchley
Northern,NB,West Finchley,Woodside Park
Northern,NB,Woodside Park,Totteridge & Whetstone
Northern,NB,Totteridge & Whetstone,High Barnet
Northern,NB,Camden Town,Chalk Farm
Northern,NB,Chalk Farm,Belsize Park
Northern,NB,Belsize Park,Hampstead
Northern,NB,Hampstead,Golders Green
Northern,NB,Golders Green,Brent Cross
Northern,NB,Brent Cross,Hendon Central
Northern,NB,Hendon Central,Colindale
Northern,NB,Colindale,Burnt Oak
Northern,NB,Burnt Oak,Edgware
Northern,SB,Edgware,Burnt Oak
Northern,SB,Burnt Oak,Colindale
Northern,SB,Colindale,Hendon Central
Northern,SB,Hendon Central,Brent Cross
Northern,SB,Brent Cross,Golders Green
Northern,SB,Golders Green,Hampstead
Northern,SB,Hampstead,Belsize Park
Northern,SB,Belsize Park,Chalk Farm
Northern,SB,Chalk Farm,Camden Town
Northern,SB,High Barnet,Totteridge & Whetstone
Northern,SB,Totteridge & Whetstone,Woodside Park
Northern,SB,Woodside Park,West Finchley
Northern,SB,West Finchley,Finchley Central
Northern,SB,Mill Hill East,Finchley Central
Northern,SB,Finchley Central,East Finchley
Northern,SB,East Finchley,Highgate
Northern,SB,Highgate,Archway
Northern,SB,Archway,Tufnell Park
Northern,SB,Tufnell Park,Kentish Town
Northern,SB,Kentish Town,Camden Town
Northern,SB,Camden Town,Mornington Crescent
Northern,SB,Mornington Crescent,Euston LU
Northern,SB,Euston LU,Warren Street
Northern,SB,Warren Street,Goodge Street
Northern,SB,Goodge Street,Tottenham Court Road
Northern,SB,Tottenham Court Road,Leicester Square
Northern,SB,Leicester Square,Charing Cross LU
Northern,SB,Charing Cross LU,Embankment
Northern,SB,Embankment,Waterloo LU
Northern,SB,Waterloo LU,Kennington
Northern,SB,Kennington,Oval
Northern,SB,Camden Town,Euston LU
Northern,SB,Euston LU,King's Cross St. Pancras
Northern,SB,King's Cross St. Pancras,Angel
Northern,SB,Angel,Old Street
Northern,SB,Old Street,Moorgate
Northern,SB,Moorgate,Bank
Northern,SB,Bank,London Bridge LU
Northern,SB,London Bridge LU,Borough
Northern,SB,Borough,Elephant & Castle LU
Northern,SB,Elephant & Castle LU,Kennington
Northern,SB,Oval,Stockwell
Northern,SB,Stockwell,Clapham North
Northern,SB,Clapham North,Clapham Common
Northern,SB,Clapham Common,Clapham South
Northern,SB,Clapham South,Balham LU
Northern,SB,Balham LU,Tooting Bec
Northern,SB,Tooting Bec,Tooting Broadway
Northern,SB,Tooting Broadway,Colliers Wood
Northern,SB,Colliers Wood,South Wimbledon
Northern,SB,South Wimbledon,Morden
Piccadilly,EB,Uxbridge,Hillingdon
Piccadilly,EB,Hillingdon,Ickenham
Piccadilly,EB,Ickenham,Ruislip
Piccadilly,EB,Ruislip,Ruislip Manor
Piccadilly,EB,Ruislip Manor,Eastcote
Piccadilly,EB,Eastcote,Rayners Lane
Piccadilly,EB,Rayners Lane,South Harrow
Piccadilly,EB,South Harrow,Sudbury Hill
Piccadilly,EB,Sudbury Hill,Sudbury Town
Piccadilly,EB,Sudbury Town,Alperton
Piccadilly,EB,Alperton,Park Royal
Piccadilly,EB,Park Royal,North Ealing
Piccadilly,EB,North Ealing,Ealing Common
Piccadilly,EB,Ealing Common,Acton Town
Piccadilly,EB,Heathrow Terminal 5 LU,Heathrow Terminals 123 LU
Piccadilly,EB,Heathrow Terminal 4 LU,Heathrow Terminals 123 LU
Piccadilly,EB,Heathrow Terminals 123 LU,Hatton Cross
Piccadilly,EB,Hatton Cross,Hounslow West
Piccadilly,EB,Hounslow West,Hounslow Central
Piccadilly,EB,Hounslow Central,Hounslow East
Piccadilly,EB,Hounslow East,Osterley
Piccadilly,EB,Osterley,Boston Manor
Piccadilly,EB,Boston Manor,Northfields
Piccadilly,EB,Northfields,South Ealing
Piccadilly,EB,South Ealing,Acton Town
Piccadilly,EB,Acton Town,Turnham Green
Piccadilly,EB,Turnham Green,Hammersmith (DIS)
Piccadilly,EB,Hammersmith (DIS),Barons Court
Piccadilly,EB,Barons Court,Earl's Court
Piccadilly,EB,Earl's Court,Gloucester Road
Piccadilly,EB,Gloucester Road,South Kensington
Piccadilly,EB,South Kensington,Knightsbridge
Piccadilly,EB,Knightsbridge,Hyde Park Corner
Piccadilly,EB,Hyde Park Corner,Green Park
Piccadilly,EB,Green Park,Piccadilly Circus
Piccadilly,EB,Piccadilly Circus,Leicester Square
Piccadilly,EB,Leicester Square,Covent Garden
Piccadilly,EB,Covent Garden,Holborn
Piccadilly,EB,Holborn,Russell Square
Piccadilly,EB,Russell Square,King's Cross St. Pancras
Piccadilly,EB,King's Cross St. Pancras,Caledonian Road
Piccadilly,EB,Caledonian Road,Holloway Road
Piccadilly,EB,Holloway Road,Arsenal
Piccadilly,EB,Arsenal,Finsbury Park LU
Piccadilly,EB,Finsbury Park LU,Manor House
Piccadilly,EB,Manor House,Turnpike Lane
Piccadilly,EB,Turnpike Lane,Wood Green
Piccadilly,EB,Wood Green,Bounds Green
Piccadilly,EB,Bounds Green,Arnos Grove
Piccadilly,EB,Arnos Grove,Southgate
Piccadilly,EB,Southgate,Oakwood
Piccadilly,EB,Oakwood,Cockfosters
Piccadilly,WB,Cockfosters,Oakwood
Piccadilly,WB,Oakwood,Southgate
Piccadilly,WB,Southgate,Arnos Grove
Piccadilly,WB,Arnos Grove,Bounds Green
Piccadilly,WB,Bounds Green,Wood Green
Piccadilly,WB,Wood Green,Turnpike Lane
Piccadilly,WB,Turnpike Lane,Manor House
Piccadilly,WB,Manor House,Finsbury Park LU
Piccadilly,WB,Finsbury Park LU,Arsenal
Piccadilly,WB,Arsenal,Holloway Road
Piccadilly,WB,Holloway Road,Caledonian Road
Piccadilly,WB,Caledonian Road,King's Cross St. Pancras
Piccadilly,WB,King's Cross St. Pancras,Russell Square
Piccadilly,WB,Russell Square,Holborn
Piccadilly,WB,Holborn,Covent Garden
Piccadilly,WB,Covent Garden,Leicester Square
Piccadilly,WB,Leicester Square,Piccadilly Circus
Piccadilly,WB,Piccadilly Circus,Green Park
Piccadilly,WB,Green Park,Hyde Park Corner
Piccadilly,WB,Hyde Park Corner,Knightsbridge
Piccadilly,WB,Knightsbridge,South Kensington
Piccadilly,WB,South Kensington,Gloucester Road
Piccadilly,WB,Gloucester Road,Earl's Court
Piccadilly,WB,Earl's Court,Barons Court
Piccadilly,WB,Barons Court,Hammersmith (DIS)
Piccadilly,WB,Hammersmith (DIS),Turnham Green
Piccadilly,WB,Turnham Green,Acton Town
Piccadilly,WB,Acton Town,Ealing Common
Piccadilly,WB,Ealing Common,North Ealing
Piccadilly,WB,North Ealing,Park Royal
Piccadilly,WB,Park Royal,Alperton
Piccadilly,WB,Alperton,Sudbury Town
Piccadilly,WB,Sudbury Town,Sudbury Hill
Piccadilly,WB,Sudbury Hill,South Harrow
Piccadilly,WB,South Harrow,Rayners Lane
Piccadilly,WB,Rayners Lane,Eastcote
Piccadilly,WB,Eastcote,Ruislip Manor
Piccadilly,WB,Ruislip Manor,Ruislip
Piccadilly,WB,Ruislip,Ickenham
Piccadilly,WB,Ickenham,Hillingdon
Piccadilly,WB,Hillingdon,Uxbridge
Piccadilly,WB,Acton Town,South Ealing
Piccadilly,WB,South Ealing,Northfields
Piccadilly,WB,Northfields,Boston Manor
Piccadilly,WB,Boston Manor,Osterley
Piccadilly,WB,Osterley,Hounslow East
Piccadilly,WB,Hounslow East,Hounslow Central
Piccadilly,WB,Hounslow Central,Hounslow West
Piccadilly,WB,Hounslow West,Hatton Cross
Piccadilly,WB,Hatton Cross,Heathrow Terminal 4 LU
Piccadilly,WB,Hatton Cross,Heathrow Terminals 123 LU
Piccadilly,WB,Heathrow Terminals 123 LU,Heathrow Terminal 5 LU
Victoria,NB,Brixton LU,Stockwell
Victoria,NB,Stockwell,Vauxhall LU
Victoria,NB,Vauxhall LU,Pimlico
Victoria,NB,Pimlico,Victoria LU
Victoria,NB,Victoria LU,Green Park
Victoria,NB,Green Park,Oxford Circus
Victoria,NB,Oxford Circus,Warren Street
Victoria,NB,Warren Street,Euston LU
Victoria,NB,Euston LU,King's Cross St. Pancras
Victoria,NB,King's Cross St. Pancras,Highbury & Islington
Victoria,NB,Highbury & Islington,Finsbury Park LU
Victoria,NB,Finsbury Park LU,Seven Sisters
Victoria,NB,Seven Sisters,Tottenham Hale LU
Victoria,NB,Tottenham Hale LU,Blackhorse Road
Victoria,NB,Blackhorse Road,Walthamstow Central
Victoria,SB,Walthamstow Central,Blackhorse Road
Victoria,SB,Blackhorse Road,Tottenham Hale LU
Victoria,SB,Tottenham Hale LU,Seven Sisters
Victoria,SB,Seven Sisters,Finsbury Park LU
Victoria,SB,Finsbury Park LU,Highbury & Islington
Victoria,SB,Highbury & Islington,King's Cross St. Pancras
Victoria,SB,King's Cross St. Pancras,Euston LU
Victoria,SB,Euston LU,Warren Street
Victoria,SB,Warren Street,Oxford Circus
Victoria,SB,Oxford Circus,Green Park
Victoria,SB,Green Park,Victoria LU
Victoria,SB,Victoria LU,Pimlico
Victoria,SB,Pimlico,Vauxhall LU
Victoria,SB,Vauxhall LU,Stockwell
Victoria,SB,Stockwell,Brixton LU
Waterloo & City,EB,Waterloo LU,Bank
Waterloo & City,WB,Bank,Waterloo LU
